location_id,location_name,parameter,value,unit,datetimeUtc,datetimeLocal,timezone,latitude,longitude,country_iso,isMobile,isMonitor,owner_name,provider
9466,"Civic","pm10",20.59,"µg/m³","2025-10-01T01:00:00Z","2025-10-01T11:00:00+10:00","Australia/Sydney",-35.285307,149.131579,,,,"Unknown Governmental Organization","Australia - ACT"
9466,"Civic","pm10",21.45,"µg/m³","2025-10-01T02:00:00Z","2025-10-01T12:00:00+10:00","Australia/Sydney",-35.285307,149.131579,,,,"Unknown Governmental Organization","Australia - ACT"
9466,"Civic","pm10",22.24,"µg/m³","2025-10-01T03:00:00Z","2025-10-01T13:00:00+10:00","Australia/Sydney",-35.285307,149.131579,,,,"Unknown Governmental Organization","Australia - ACT"
9466,"Civic","pm10",22.95,"µg/m³","2025-10-01T04:00:00Z","2025-10-01T14:00:00+10:00","Australia/Sydney",-35.285307,149.131579,,,,"Unknown Governmental Organization","Australia - ACT"
9466,"Civic","pm10",23.7,"µg/m³","2025-10-01T05:00:00Z","2025-10-01T15:00:00+10:00","Australia/Sydney",-35.285307,149.131579,,,,"Unknown Governmental Organization","Australia - ACT"
9466,"Civic","pm10",24.49,"µg/m³","2025-10-01T06:00:00Z","2025-10-01T16:00:00+10:00","Australia/Sydney",-35.285307,149.131579,,,,"Unknown Governmental Organization","Australia - ACT"
9466,"Civic","pm10",25.05,"µg/m³","2025-10-01T07:00:00Z","2025-10-01T17:00:00+10:00","Australia/Sydney",-35.285307,149.131579,,,,"Unknown Governmental Organization","Australia - ACT"
9466,"Civic","pm10",25.35,"µg/m³","2025-10-01T08:00:00Z","2025-10-01T18:00:00+10:00","Australia/Sydney",-35.285307,149.131579,,,,"Unknown Governmental Organization","Australia - ACT"
9466,"Civic","pm10",25.37,"µg/m³","2025-10-01T09:00:00Z","2025-10-01T19:00:00+10:00","Australia/Sydney",-35.285307,149.131579,,,,"Unknown Governmental Organization","Australia - ACT"
9466,"Civic","pm10",24.98,"µg/m³","2025-10-01T10:00:00Z","2025-10-01T20:00:00+10:00","Australia/Sydney",-35.285307,149.131579,,,,"Unknown Governmental Organization","Australia - ACT"
9466,"Civic","pm10",24.27,"µg/m³","2025-10-01T11:00:00Z","2025-10-01T21:00:00+10:00","Australia/Sydney",-35.285307,149.131579,,,,"Unknown Governmental Organization","Australia - ACT"
9466,"Civic","pm10",23.6,"µg/m³","2025-10-01T12:00:00Z","2025-10-01T22:00:00+10:00","Australia/Sydney",-35.285307,149.131579,,,,"Unknown Governmental Organization","Australia - ACT"
9466,"Civic","pm10",23.09,"µg/m³","2025-10-01T13:00:00Z","2025-10-01T23:00:00+10:00","Australia/Sydney",-35.285307,149.131579,,,,"Unknown Governmental Organization","Australia - ACT"
9466,"Civic","pm10",22.74,"µg/m³","2025-10-01T14:00:00Z","2025-10-02T00:00:00+10:00","Australia/Sydney",-35.285307,149.131579,,,,"Unknown Governmental Organization","Australia - ACT"
9466,"Civic","pm10",22.55,"µg/m³","2025-10-01T15:00:00Z","2025-10-02T01:00:00+10:00","Australia/Sydney",-35.285307,149.131579,,,,"Unknown Governmental Organization","Australia - ACT"
9466,"Civic","pm10",22.45,"µg/m³","2025-10-01T16:00:00Z","2025-10-02T02:00:00+10:00","Australia/Sydney",-35.285307,149.131579,,,,"Unknown Governmental Organization","Australia - ACT"
9466,"Civic","pm10",22.42,"µg/m³","2025-10-01T17:00:00Z","2025-10-02T03:00:00+10:00","Australia/Sydney",-35.285307,149.131579,,,,"Unknown Governmental Organization","Australia - ACT"
9466,"Civic","pm10",22.43,"µg/m³","2025-10-01T18:00:00Z","2025-10-02T04:00:00+10:00","Australia/Sydney",-35.285307,149.131579,,,,"Unknown Governmental Organization","Australia - ACT"
9466,"Civic","pm10",22.42,"µg/m³","2025-10-01T19:00:00Z","2025-10-02T05:00:00+10:00","Australia/Sydney",-35.285307,149.131579,,,,"Unknown Governmental Organization","Australia - ACT"
9466,"Civic","pm10",22.35,"µg/m³","2025-10-01T20:00:00Z","2025-10-02T06:00:00+10:00","Australia/Sydney",-35.285307,149.131579,,,,"Unknown Governmental Organization","Australia - ACT"
9466,"Civic","pm10",22.15,"µg/m³","2025-10-01T21:00:00Z","2025-10-02T07:00:00+10:00","Australia/Sydney",-35.285307,149.131579,,,,"Unknown Governmental Organization","Australia - ACT"
9466,"Civic","pm10",21.85,"µg/m³","2025-10-01T22:00:00Z","2025-10-02T08:00:00+10:00","Australia/Sydney",-35.285307,149.131579,,,,"Unknown Governmental Organization","Australia - ACT"
9466,"Civic","pm10",21.61,"µg/m³","2025-10-01T23:00:00Z","2025-10-02T09:00:00+10:00","Australia/Sydney",-35.285307,149.131579,,,,"Unknown Governmental Organization","Australia - ACT"
9466,"Civic","pm10",21.61,"µg/m³","2025-10-02T00:00:00Z","2025-10-02T10:00:00+10:00","Australia/Sydney",-35.285307,149.131579,,,,"Unknown Governmental Organization","Australia - ACT"
9466,"Civic","pm10",21.43,"µg/m³","2025-10-02T01:00:00Z","2025-10-02T11:00:00+10:00","Australia/Sydney",-35.285307,149.131579,,,,"Unknown Governmental Organization","Australia - ACT"
9466,"Civic","pm10",21.18,"µg/m³","2025-10-02T02:00:00Z","2025-10-02T12:00:00+10:00","Australia/Sydney",-35.285307,149.131579,,,,"Unknown Governmental Organization","Australia - ACT"
9466,"Civic","pm10",20.88,"µg/m³","2025-10-02T03:00:00Z","2025-10-02T13:00:00+10:00","Australia/Sydney",-35.285307,149.131579,,,,"Unknown Governmental Organization","Australia - ACT"
9466,"Civic","pm10",20.46,"µg/m³","2025-10-02T04:00:00Z","2025-10-02T14:00:00+10:00","Australia/Sydney",-35.285307,149.131579,,,,"Unknown Governmental Organization","Australia - ACT"
9466,"Civic","pm10",19.76,"µg/m³","2025-10-02T05:00:00Z","2025-10-02T15:00:00+10:00","Australia/Sydney",-35.285307,149.131579,,,,"Unknown Governmental Organization","Australia - ACT"
9466,"Civic","pm10",19.12,"µg/m³","2025-10-02T06:00:00Z","2025-10-02T16:00:00+10:00","Australia/Sydney",-35.285307,149.131579,,,,"Unknown Governmental Organization","Australia - ACT"
9466,"Civic","pm10",18.38,"µg/m³","2025-10-02T07:00:00Z","2025-10-02T17:00:00+10:00","Australia/Sydney",-35.285307,149.131579,,,,"Unknown Governmental Organization","Australia - ACT"
9466,"Civic","pm10",17.67,"µg/m³","2025-10-02T08:00:00Z","2025-10-02T18:00:00+10:00","Australia/Sydney",-35.285307,149.131579,,,,"Unknown Governmental Organization","Australia - ACT"
9466,"Civic","pm10",17.09,"µg/m³","2025-10-02T09:00:00Z","2025-10-02T19:00:00+10:00","Australia/Sydney",-35.285307,149.131579,,,,"Unknown Governmental Organization","Australia - ACT"
9466,"Civic","pm10",16.74,"µg/m³","2025-10-02T10:00:00Z","2025-10-02T20:00:00+10:00","Australia/Sydney",-35.285307,149.131579,,,,"Unknown Governmental Organization","Australia - ACT"
9466,"Civic","pm10",16.71,"µg/m³","2025-10-02T11:00:00Z","2025-10-02T21:00:00+10:00","Australia/Sydney",-35.285307,149.131579,,,,"Unknown Governmental Organization","Australia - ACT"
9466,"Civic","pm10",16.79,"µg/m³","2025-10-02T12:00:00Z","2025-10-02T22:00:00+10:00","Australia/Sydney",-35.285307,149.131579,,,,"Unknown Governmental Organization","Australia - ACT"
9466,"Civic","pm10",16.76,"µg/m³","2025-10-02T13:00:00Z","2025-10-02T23:00:00+10:00","Australia/Sydney",-35.285307,149.131579,,,,"Unknown Governmental Organization","Australia - ACT"
9466,"Civic","pm10",16.69,"µg/m³","2025-10-02T14:00:00Z","2025-10-03T00:00:00+10:00","Australia/Sydney",-35.285307,149.131579,,,,"Unknown Governmental Organization","Australia - ACT"
9466,"Civic","pm10",16.61,"µg/m³","2025-10-02T15:00:00Z","2025-10-03T01:00:00+10:00","Australia/Sydney",-35.285307,149.131579,,,,"Unknown Governmental Organization","Australia - ACT"
9466,"Civic","pm10",16.45,"µg/m³","2025-10-02T16:00:00Z","2025-10-03T02:00:00+10:00","Australia/Sydney",-35.285307,149.131579,,,,"Unknown Governmental Organization","Australia - ACT"
9466,"Civic","pm10",16.44,"µg/m³","2025-10-02T17:00:00Z","2025-10-03T03:00:00+10:00","Australia/Sydney",-35.285307,149.131579,,,,"Unknown Governmental Organization","Australia - ACT"
9466,"Civic","pm10",16.52,"µg/m³","2025-10-02T18:00:00Z","2025-10-03T04:00:00+10:00","Australia/Sydney",-35.285307,149.131579,,,,"Unknown Governmental Organization","Australia - ACT"
9466,"Civic","pm10",16.67,"µg/m³","2025-10-02T19:00:00Z","2025-10-03T05:00:00+10:00","Australia/Sydney",-35.285307,149.131579,,,,"Unknown Governmental Organization","Australia - ACT"
9466,"Civic","pm10",16.75,"µg/m³","2025-10-02T20:00:00Z","2025-10-03T06:00:00+10:00","Australia/Sydney",-35.285307,149.131579,,,,"Unknown Governmental Organization","Australia - ACT"
9466,"Civic","pm10",16.78,"µg/m³","2025-10-02T21:00:00Z","2025-10-03T07:00:00+10:00","Australia/Sydney",-35.285307,149.131579,,,,"Unknown Governmental Organization","Australia - ACT"
9466,"Civic","pm10",16.81,"µg/m³","2025-10-02T22:00:00Z","2025-10-03T08:00:00+10:00","Australia/Sydney",-35.285307,149.131579,,,,"Unknown Governmental Organization","Australia - ACT"
9466,"Civic","pm10",16.64,"µg/m³","2025-10-02T23:00:00Z","2025-10-03T09:00:00+10:00","Australia/Sydney",-35.285307,149.131579,,,,"Unknown Governmental Organization","Australia - ACT"
9466,"Civic","pm10",16.28,"µg/m³","2025-10-03T00:00:00Z","2025-10-03T10:00:00+10:00","Australia/Sydney",-35.285307,149.131579,,,,"Unknown Governmental Organization","Australia - ACT"
9466,"Civic","pm10",15.86,"µg/m³","2025-10-03T01:00:00Z","2025-10-03T11:00:00+10:00","Australia/Sydney",-35.285307,149.131579,,,,"Unknown Governmental Organization","Australia - ACT"
9466,"Civic","pm10",15.49,"µg/m³","2025-10-03T02:00:00Z","2025-10-03T12:00:00+10:00","Australia/Sydney",-35.285307,149.131579,,,,"Unknown Governmental Organization","Australia - ACT"
9466,"Civic","pm10",15.2,"µg/m³","2025-10-03T03:00:00Z","2025-10-03T13:00:00+10:00","Australia/Sydney",-35.285307,149.131579,,,,"Unknown Governmental Organization","Australia - ACT"
9466,"Civic","pm10",15.33,"µg/m³","2025-10-03T04:00:00Z","2025-10-03T14:00:00+10:00","Australia/Sydney",-35.285307,149.131579,,,,"Unknown Governmental Organization","Australia - ACT"
9466,"Civic","pm10",15.81,"µg/m³","2025-10-03T05:00:00Z","2025-10-03T15:00:00+10:00","Australia/Sydney",-35.285307,149.131579,,,,"Unknown Governmental Organization","Australia - ACT"
9466,"Civic","pm10",16.14,"µg/m³","2025-10-03T06:00:00Z","2025-10-03T16:00:00+10:00","Australia/Sydney",-35.285307,149.131579,,,,"Unknown Governmental Organization","Australia - ACT"
9466,"Civic","pm10",16.53,"µg/m³","2025-10-03T07:00:00Z","2025-10-03T17:00:00+10:00","Australia/Sydney",-35.285307,149.131579,,,,"Unknown Governmental Organization","Australia - ACT"
9466,"Civic","pm10",17.03,"µg/m³","2025-10-03T08:00:00Z","2025-10-03T18:00:00+10:00","Australia/Sydney",-35.285307,149.131579,,,,"Unknown Governmental Organization","Australia - ACT"
9466,"Civic","pm10",17.59,"µg/m³","2025-10-03T09:00:00Z","2025-10-03T19:00:00+10:00","Australia/Sydney",-35.285307,149.131579,,,,"Unknown Governmental Organization","Australia - ACT"
9466,"Civic","pm10",17.94,"µg/m³","2025-10-03T10:00:00Z","2025-10-03T20:00:00+10:00","Australia/Sydney",-35.285307,149.131579,,,,"Unknown Governmental Organization","Australia - ACT"
9466,"Civic","pm10",18.03,"µg/m³","2025-10-03T11:00:00Z","2025-10-03T21:00:00+10:00","Australia/Sydney",-35.285307,149.131579,,,,"Unknown Governmental Organization","Australia - ACT"
9466,"Civic","pm10",18.07,"µg/m³","2025-10-03T12:00:00Z","2025-10-03T22:00:00+10:00","Australia/Sydney",-35.285307,149.131579,,,,"Unknown Governmental Organization","Australia - ACT"
9466,"Civic","pm10",18.13,"µg/m³","2025-10-03T13:00:00Z","2025-10-03T23:00:00+10:00","Australia/Sydney",-35.285307,149.131579,,,,"Unknown Governmental Organization","Australia - ACT"
9466,"Civic","pm10",18.13,"µg/m³","2025-10-03T14:00:00Z","2025-10-04T00:00:00+10:00","Australia/Sydney",-35.285307,149.131579,,,,"Unknown Governmental Organization","Australia - ACT"
9466,"Civic","pm10",18.12,"µg/m³","2025-10-03T15:00:00Z","2025-10-04T01:00:00+10:00","Australia/Sydney",-35.285307,149.131579,,,,"Unknown Governmental Organization","Australia - ACT"
9466,"Civic","pm10",18.21,"µg/m³","2025-10-03T16:00:00Z","2025-10-04T02:00:00+10:00","Australia/Sydney",-35.285307,149.131579,,,,"Unknown Governmental Organization","Australia - ACT"
9466,"Civic","pm10",18.22,"µg/m³","2025-10-03T17:00:00Z","2025-10-04T03:00:00+10:00","Australia/Sydney",-35.285307,149.131579,,,,"Unknown Governmental Organization","Australia - ACT"
9466,"Civic","pm10",18.34,"µg/m³","2025-10-03T18:00:00Z","2025-10-04T04:00:00+10:00","Australia/Sydney",-35.285307,149.131579,,,,"Unknown Governmental Organization","Australia - ACT"
9466,"Civic","pm10",18.49,"µg/m³","2025-10-03T19:00:00Z","2025-10-04T05:00:00+10:00","Australia/Sydney",-35.285307,149.131579,,,,"Unknown Governmental Organization","Australia - ACT"
9466,"Civic","pm10",18.71,"µg/m³","2025-10-03T20:00:00Z","2025-10-04T06:00:00+10:00","Australia/Sydney",-35.285307,149.131579,,,,"Unknown Governmental Organization","Australia - ACT"
9466,"Civic","pm10",18.92,"µg/m³","2025-10-03T21:00:00Z","2025-10-04T07:00:00+10:00","Australia/Sydney",-35.285307,149.131579,,,,"Unknown Governmental Organization","Australia - ACT"
9466,"Civic","pm10",19,"µg/m³","2025-10-03T22:00:00Z","2025-10-04T08:00:00+10:00","Australia/Sydney",-35.285307,149.131579,,,,"Unknown Governmental Organization","Australia - ACT"
9466,"Civic","pm10",18.82,"µg/m³","2025-10-03T23:00:00Z","2025-10-04T09:00:00+10:00","Australia/Sydney",-35.285307,149.131579,,,,"Unknown Governmental Organization","Australia - ACT"
9466,"Civic","pm10",18.36,"µg/m³","2025-10-04T00:00:00Z","2025-10-04T10:00:00+10:00","Australia/Sydney",-35.285307,149.131579,,,,"Unknown Governmental Organization","Australia - ACT"
9466,"Civic","pm10",17.65,"µg/m³","2025-10-04T01:00:00Z","2025-10-04T11:00:00+10:00","Australia/Sydney",-35.285307,149.131579,,,,"Unknown Governmental Organization","Australia - ACT"
9466,"Civic","pm10",16.86,"µg/m³","2025-10-04T02:00:00Z","2025-10-04T12:00:00+10:00","Australia/Sydney",-35.285307,149.131579,,,,"Unknown Governmental Organization","Australia - ACT"
9466,"Civic","pm10",16.01,"µg/m³","2025-10-04T03:00:00Z","2025-10-04T13:00:00+10:00","Australia/Sydney",-35.285307,149.131579,,,,"Unknown Governmental Organization","Australia - ACT"
9466,"Civic","pm10",14.87,"µg/m³","2025-10-04T04:00:00Z","2025-10-04T14:00:00+10:00","Australia/Sydney",-35.285307,149.131579,,,,"Unknown Governmental Organization","Australia - ACT"
9466,"Civic","pm10",13.53,"µg/m³","2025-10-04T05:00:00Z","2025-10-04T15:00:00+10:00","Australia/Sydney",-35.285307,149.131579,,,,"Unknown Governmental Organization","Australia - ACT"
9466,"Civic","pm10",12.41,"µg/m³","2025-10-04T06:00:00Z","2025-10-04T16:00:00+10:00","Australia/Sydney",-35.285307,149.131579,,,,"Unknown Governmental Organization","Australia - ACT"
9466,"Civic","pm10",11.6,"µg/m³","2025-10-04T07:00:00Z","2025-10-04T17:00:00+10:00","Australia/Sydney",-35.285307,149.131579,,,,"Unknown Governmental Organization","Australia - ACT"
9466,"Civic","pm10",11.04,"µg/m³","2025-10-04T08:00:00Z","2025-10-04T18:00:00+10:00","Australia/Sydney",-35.285307,149.131579,,,,"Unknown Governmental Organization","Australia - ACT"
9466,"Civic","pm10",10.68,"µg/m³","2025-10-04T09:00:00Z","2025-10-04T19:00:00+10:00","Australia/Sydney",-35.285307,149.131579,,,,"Unknown Governmental Organization","Australia - ACT"
9466,"Civic","pm10",10.54,"µg/m³","2025-10-04T10:00:00Z","2025-10-04T20:00:00+10:00","Australia/Sydney",-35.285307,149.131579,,,,"Unknown Governmental Organization","Australia - ACT"
9466,"Civic","pm10",10.64,"µg/m³","2025-10-04T11:00:00Z","2025-10-04T21:00:00+10:00","Australia/Sydney",-35.285307,149.131579,,,,"Unknown Governmental Organization","Australia - ACT"
9466,"Civic","pm10",10.99,"µg/m³","2025-10-04T12:00:00Z","2025-10-04T22:00:00+10:00","Australia/Sydney",-35.285307,149.131579,,,,"Unknown Governmental Organization","Australia - ACT"
9466,"Civic","pm10",11.44,"µg/m³","2025-10-04T13:00:00Z","2025-10-04T23:00:00+10:00","Australia/Sydney",-35.285307,149.131579,,,,"Unknown Governmental Organization","Australia - ACT"
9466,"Civic","pm10",11.92,"µg/m³","2025-10-04T14:00:00Z","2025-10-05T00:00:00+10:00","Australia/Sydney",-35.285307,149.131579,,,,"Unknown Governmental Organization","Australia - ACT"
9466,"Civic","pm10",12.34,"µg/m³","2025-10-04T15:00:00Z","2025-10-05T01:00:00+10:00","Australia/Sydney",-35.285307,149.131579,,,,"Unknown Governmental Organization","Australia - ACT"
9466,"Civic","pm10",12.78,"µg/m³","2025-10-04T16:00:00Z","2025-10-05T03:00:00+11:00","Australia/Sydney",-35.285307,149.131579,,,,"Unknown Governmental Organization","Australia - ACT"
9466,"Civic","pm10",13.57,"µg/m³","2025-10-04T17:00:00Z","2025-10-05T04:00:00+11:00","Australia/Sydney",-35.285307,149.131579,,,,"Unknown Governmental Organization","Australia - ACT"
9466,"Civic","pm10",13.64,"µg/m³","2025-10-04T18:00:00Z","2025-10-05T05:00:00+11:00","Australia/Sydney",-35.285307,149.131579,,,,"Unknown Governmental Organization","Australia - ACT"
9466,"Civic","pm10",13.4,"µg/m³","2025-10-04T19:00:00Z","2025-10-05T06:00:00+11:00","Australia/Sydney",-35.285307,149.131579,,,,"Unknown Governmental Organization","Australia - ACT"
9466,"Civic","pm10",13.17,"µg/m³","2025-10-04T20:00:00Z","2025-10-05T07:00:00+11:00","Australia/Sydney",-35.285307,149.131579,,,,"Unknown Governmental Organization","Australia - ACT"
9466,"Civic","pm10",13.05,"µg/m³","2025-10-04T21:00:00Z","2025-10-05T08:00:00+11:00","Australia/Sydney",-35.285307,149.131579,,,,"Unknown Governmental Organization","Australia - ACT"
9466,"Civic","pm10",13.07,"µg/m³","2025-10-04T22:00:00Z","2025-10-05T09:00:00+11:00","Australia/Sydney",-35.285307,149.131579,,,,"Unknown Governmental Organization","Australia - ACT"
9466,"Civic","pm10",13.01,"µg/m³","2025-10-04T23:00:00Z","2025-10-05T10:00:00+11:00","Australia/Sydney",-35.285307,149.131579,,,,"Unknown Governmental Organization","Australia - ACT"
9466,"Civic","pm10",13.15,"µg/m³","2025-10-05T00:00:00Z","2025-10-05T11:00:00+11:00","Australia/Sydney",-35.285307,149.131579,,,,"Unknown Governmental Organization","Australia - ACT"
9466,"Civic","pm10",13.68,"µg/m³","2025-10-05T01:00:00Z","2025-10-05T12:00:00+11:00","Australia/Sydney",-35.285307,149.131579,,,,"Unknown Governmental Organization","Australia - ACT"
9466,"Civic","pm10",14.56,"µg/m³","2025-10-05T02:00:00Z","2025-10-05T13:00:00+11:00","Australia/Sydney",-35.285307,149.131579,,,,"Unknown Governmental Organization","Australia - ACT"
9466,"Civic","pm10",15.37,"µg/m³","2025-10-05T03:00:00Z","2025-10-05T14:00:00+11:00","Australia/Sydney",-35.285307,149.131579,,,,"Unknown Governmental Organization","Australia - ACT"
9466,"Civic","pm10",15.92,"µg/m³","2025-10-05T04:00:00Z","2025-10-05T15:00:00+11:00","Australia/Sydney",-35.285307,149.131579,,,,"Unknown Governmental Organization","Australia - ACT"
9466,"Civic","pm10",16.23,"µg/m³","2025-10-05T05:00:00Z","2025-10-05T16:00:00+11:00","Australia/Sydney",-35.285307,149.131579,,,,"Unknown Governmental Organization","Australia - ACT"
9466,"Civic","pm10",16.47,"µg/m³","2025-10-05T06:00:00Z","2025-10-05T17:00:00+11:00","Australia/Sydney",-35.285307,149.131579,,,,"Unknown Governmental Organization","Australia - ACT"
9466,"Civic","pm10",16.61,"µg/m³","2025-10-05T07:00:00Z","2025-10-05T18:00:00+11:00","Australia/Sydney",-35.285307,149.131579,,,,"Unknown Governmental Organization","Australia - ACT"
9466,"Civic","pm10",16.72,"µg/m³","2025-10-05T08:00:00Z","2025-10-05T19:00:00+11:00","Australia/Sydney",-35.285307,149.131579,,,,"Unknown Governmental Organization","Australia - ACT"
9466,"Civic","pm10",16.9,"µg/m³","2025-10-05T09:00:00Z","2025-10-05T20:00:00+11:00","Australia/Sydney",-35.285307,149.131579,,,,"Unknown Governmental Organization","Australia - ACT"
9466,"Civic","pm10",17.17,"µg/m³","2025-10-05T10:00:00Z","2025-10-05T21:00:00+11:00","Australia/Sydney",-35.285307,149.131579,,,,"Unknown Governmental Organization","Australia - ACT"
9466,"Civic","pm10",17.39,"µg/m³","2025-10-05T11:00:00Z","2025-10-05T22:00:00+11:00","Australia/Sydney",-35.285307,149.131579,,,,"Unknown Governmental Organization","Australia - ACT"
9466,"Civic","pm10",17.41,"µg/m³","2025-10-05T12:00:00Z","2025-10-05T23:00:00+11:00","Australia/Sydney",-35.285307,149.131579,,,,"Unknown Governmental Organization","Australia - ACT"
9466,"Civic","pm10",17.25,"µg/m³","2025-10-05T13:00:00Z","2025-10-06T00:00:00+11:00","Australia/Sydney",-35.285307,149.131579,,,,"Unknown Governmental Organization","Australia - ACT"
9466,"Civic","pm10",17.14,"µg/m³","2025-10-05T14:00:00Z","2025-10-06T01:00:00+11:00","Australia/Sydney",-35.285307,149.131579,,,,"Unknown Governmental Organization","Australia - ACT"
9466,"Civic","pm10",16.97,"µg/m³","2025-10-05T15:00:00Z","2025-10-06T02:00:00+11:00","Australia/Sydney",-35.285307,149.131579,,,,"Unknown Governmental Organization","Australia - ACT"
9466,"Civic","pm10",16.62,"µg/m³","2025-10-05T16:00:00Z","2025-10-06T03:00:00+11:00","Australia/Sydney",-35.285307,149.131579,,,,"Unknown Governmental Organization","Australia - ACT"
9466,"Civic","pm10",16.29,"µg/m³","2025-10-05T17:00:00Z","2025-10-06T04:00:00+11:00","Australia/Sydney",-35.285307,149.131579,,,,"Unknown Governmental Organization","Australia - ACT"
9466,"Civic","pm10",16.04,"µg/m³","2025-10-05T18:00:00Z","2025-10-06T05:00:00+11:00","Australia/Sydney",-35.285307,149.131579,,,,"Unknown Governmental Organization","Australia - ACT"
9466,"Civic","pm10",16.08,"µg/m³","2025-10-05T19:00:00Z","2025-10-06T06:00:00+11:00","Australia/Sydney",-35.285307,149.131579,,,,"Unknown Governmental Organization","Australia - ACT"
9466,"Civic","pm10",16.23,"µg/m³","2025-10-05T20:00:00Z","2025-10-06T07:00:00+11:00","Australia/Sydney",-35.285307,149.131579,,,,"Unknown Governmental Organization","Australia - ACT"
9466,"Civic","pm10",16.49,"µg/m³","2025-10-05T21:00:00Z","2025-10-06T08:00:00+11:00","Australia/Sydney",-35.285307,149.131579,,,,"Unknown Governmental Organization","Australia - ACT"
9466,"Civic","pm10",16.78,"µg/m³","2025-10-05T22:00:00Z","2025-10-06T09:00:00+11:00","Australia/Sydney",-35.285307,149.131579,,,,"Unknown Governmental Organization","Australia - ACT"
9466,"Civic","pm10",17.21,"µg/m³","2025-10-05T23:00:00Z","2025-10-06T10:00:00+11:00","Australia/Sydney",-35.285307,149.131579,,,,"Unknown Governmental Organization","Australia - ACT"
9466,"Civic","pm10",17.59,"µg/m³","2025-10-06T00:00:00Z","2025-10-06T11:00:00+11:00","Australia/Sydney",-35.285307,149.131579,,,,"Unknown Governmental Organization","Australia - ACT"
9466,"Civic","pm10",17.94,"µg/m³","2025-10-06T01:00:00Z","2025-10-06T12:00:00+11:00","Australia/Sydney",-35.285307,149.131579,,,,"Unknown Governmental Organization","Australia - ACT"
9466,"Civic","pm10",18.09,"µg/m³","2025-10-06T02:00:00Z","2025-10-06T13:00:00+11:00","Australia/Sydney",-35.285307,149.131579,,,,"Unknown Governmental Organization","Australia - ACT"
9466,"Civic","pm10",18.31,"µg/m³","2025-10-06T03:00:00Z","2025-10-06T14:00:00+11:00","Australia/Sydney",-35.285307,149.131579,,,,"Unknown Governmental Organization","Australia - ACT"
9466,"Civic","pm10",18.45,"µg/m³","2025-10-06T04:00:00Z","2025-10-06T15:00:00+11:00","Australia/Sydney",-35.285307,149.131579,,,,"Unknown Governmental Organization","Australia - ACT"
9466,"Civic","pm10",18.3,"µg/m³","2025-10-06T05:00:00Z","2025-10-06T16:00:00+11:00","Australia/Sydney",-35.285307,149.131579,,,,"Unknown Governmental Organization","Australia - ACT"
9466,"Civic","pm10",18.03,"µg/m³","2025-10-06T06:00:00Z","2025-10-06T17:00:00+11:00","Australia/Sydney",-35.285307,149.131579,,,,"Unknown Governmental Organization","Australia - ACT"
9466,"Civic","pm10",17.78,"µg/m³","2025-10-06T07:00:00Z","2025-10-06T18:00:00+11:00","Australia/Sydney",-35.285307,149.131579,,,,"Unknown Governmental Organization","Australia - ACT"
9466,"Civic","pm10",17.51,"µg/m³","2025-10-06T08:00:00Z","2025-10-06T19:00:00+11:00","Australia/Sydney",-35.285307,149.131579,,,,"Unknown Governmental Organization","Australia - ACT"
9466,"Civic","pm10",17.08,"µg/m³","2025-10-06T09:00:00Z","2025-10-06T20:00:00+11:00","Australia/Sydney",-35.285307,149.131579,,,,"Unknown Governmental Organization","Australia - ACT"
9466,"Civic","pm10",16.46,"µg/m³","2025-10-06T10:00:00Z","2025-10-06T21:00:00+11:00","Australia/Sydney",-35.285307,149.131579,,,,"Unknown Governmental Organization","Australia - ACT"
9466,"Civic","pm10",15.75,"µg/m³","2025-10-06T11:00:00Z","2025-10-06T22:00:00+11:00","Australia/Sydney",-35.285307,149.131579,,,,"Unknown Governmental Organization","Australia - ACT"
9466,"Civic","pm10",15.16,"µg/m³","2025-10-06T12:00:00Z","2025-10-06T23:00:00+11:00","Australia/Sydney",-35.285307,149.131579,,,,"Unknown Governmental Organization","Australia - ACT"
9466,"Civic","pm10",14.84,"µg/m³","2025-10-06T13:00:00Z","2025-10-07T00:00:00+11:00","Australia/Sydney",-35.285307,149.131579,,,,"Unknown Governmental Organization","Australia - ACT"
9466,"Civic","pm10",14.55,"µg/m³","2025-10-06T14:00:00Z","2025-10-07T01:00:00+11:00","Australia/Sydney",-35.285307,149.131579,,,,"Unknown Governmental Organization","Australia - ACT"
9466,"Civic","pm10",14.28,"µg/m³","2025-10-06T15:00:00Z","2025-10-07T02:00:00+11:00","Australia/Sydney",-35.285307,149.131579,,,,"Unknown Governmental Organization","Australia - ACT"
9466,"Civic","pm10",14.29,"µg/m³","2025-10-06T16:00:00Z","2025-10-07T03:00:00+11:00","Australia/Sydney",-35.285307,149.131579,,,,"Unknown Governmental Organization","Australia - ACT"
9466,"Civic","pm10",14.43,"µg/m³","2025-10-06T17:00:00Z","2025-10-07T04:00:00+11:00","Australia/Sydney",-35.285307,149.131579,,,,"Unknown Governmental Organization","Australia - ACT"
9466,"Civic","pm10",14.58,"µg/m³","2025-10-06T18:00:00Z","2025-10-07T05:00:00+11:00","Australia/Sydney",-35.285307,149.131579,,,,"Unknown Governmental Organization","Australia - ACT"
9466,"Civic","pm10",14.65,"µg/m³","2025-10-06T19:00:00Z","2025-10-07T06:00:00+11:00","Australia/Sydney",-35.285307,149.131579,,,,"Unknown Governmental Organization","Australia - ACT"
9466,"Civic","pm10",14.52,"µg/m³","2025-10-06T20:00:00Z","2025-10-07T07:00:00+11:00","Australia/Sydney",-35.285307,149.131579,,,,"Unknown Governmental Organization","Australia - ACT"
9466,"Civic","pm10",14.2,"µg/m³","2025-10-06T21:00:00Z","2025-10-07T08:00:00+11:00","Australia/Sydney",-35.285307,149.131579,,,,"Unknown Governmental Organization","Australia - ACT"
9466,"Civic","pm10",13.99,"µg/m³","2025-10-06T22:00:00Z","2025-10-07T09:00:00+11:00","Australia/Sydney",-35.285307,149.131579,,,,"Unknown Governmental Organization","Australia - ACT"
9466,"Civic","pm10",13.86,"µg/m³","2025-10-06T23:00:00Z","2025-10-07T10:00:00+11:00","Australia/Sydney",-35.285307,149.131579,,,,"Unknown Governmental Organization","Australia - ACT"
9466,"Civic","pm10",13.64,"µg/m³","2025-10-07T00:00:00Z","2025-10-07T11:00:00+11:00","Australia/Sydney",-35.285307,149.131579,,,,"Unknown Governmental Organization","Australia - ACT"
9466,"Civic","pm10",13.22,"µg/m³","2025-10-07T01:00:00Z","2025-10-07T12:00:00+11:00","Australia/Sydney",-35.285307,149.131579,,,,"Unknown Governmental Organization","Australia - ACT"
9466,"Civic","pm10",12.59,"µg/m³","2025-10-07T02:00:00Z","2025-10-07T13:00:00+11:00","Australia/Sydney",-35.285307,149.131579,,,,"Unknown Governmental Organization","Australia - ACT"
9466,"Civic","pm10",11.96,"µg/m³","2025-10-07T03:00:00Z","2025-10-07T14:00:00+11:00","Australia/Sydney",-35.285307,149.131579,,,,"Unknown Governmental Organization","Australia - ACT"
9466,"Civic","pm10",11.74,"µg/m³","2025-10-07T04:00:00Z","2025-10-07T15:00:00+11:00","Australia/Sydney",-35.285307,149.131579,,,,"Unknown Governmental Organization","Australia - ACT"
9466,"Civic","pm10",12.11,"µg/m³","2025-10-07T05:00:00Z","2025-10-07T16:00:00+11:00","Australia/Sydney",-35.285307,149.131579,,,,"Unknown Governmental Organization","Australia - ACT"
9466,"Civic","pm10",12.87,"µg/m³","2025-10-07T06:00:00Z","2025-10-07T17:00:00+11:00","Australia/Sydney",-35.285307,149.131579,,,,"Unknown Governmental Organization","Australia - ACT"
9466,"Civic","pm10",13.64,"µg/m³","2025-10-07T07:00:00Z","2025-10-07T18:00:00+11:00","Australia/Sydney",-35.285307,149.131579,,,,"Unknown Governmental Organization","Australia - ACT"
9466,"Civic","pm10",14.19,"µg/m³","2025-10-07T08:00:00Z","2025-10-07T19:00:00+11:00","Australia/Sydney",-35.285307,149.131579,,,,"Unknown Governmental Organization","Australia - ACT"
9466,"Civic","pm10",14.7,"µg/m³","2025-10-07T09:00:00Z","2025-10-07T20:00:00+11:00","Australia/Sydney",-35.285307,149.131579,,,,"Unknown Governmental Organization","Australia - ACT"
9466,"Civic","pm10",15.18,"µg/m³","2025-10-07T10:00:00Z","2025-10-07T21:00:00+11:00","Australia/Sydney",-35.285307,149.131579,,,,"Unknown Governmental Organization","Australia - ACT"
9466,"Civic","pm10",15.51,"µg/m³","2025-10-07T11:00:00Z","2025-10-07T22:00:00+11:00","Australia/Sydney",-35.285307,149.131579,,,,"Unknown Governmental Organization","Australia - ACT"
9466,"Civic","pm10",15.88,"µg/m³","2025-10-07T12:00:00Z","2025-10-07T23:00:00+11:00","Australia/Sydney",-35.285307,149.131579,,,,"Unknown Governmental Organization","Australia - ACT"
9466,"Civic","pm10",16.19,"µg/m³","2025-10-07T13:00:00Z","2025-10-08T00:00:00+11:00","Australia/Sydney",-35.285307,149.131579,,,,"Unknown Governmental Organization","Australia - ACT"
9466,"Civic","pm10",16.45,"µg/m³","2025-10-07T14:00:00Z","2025-10-08T01:00:00+11:00","Australia/Sydney",-35.285307,149.131579,,,,"Unknown Governmental Organization","Australia - ACT"
9466,"Civic","pm10",16.76,"µg/m³","2025-10-07T15:00:00Z","2025-10-08T02:00:00+11:00","Australia/Sydney",-35.285307,149.131579,,,,"Unknown Governmental Organization","Australia - ACT"
9466,"Civic","pm10",16.97,"µg/m³","2025-10-07T16:00:00Z","2025-10-08T03:00:00+11:00","Australia/Sydney",-35.285307,149.131579,,,,"Unknown Governmental Organization","Australia - ACT"
9466,"Civic","pm10",17.25,"µg/m³","2025-10-07T17:00:00Z","2025-10-08T04:00:00+11:00","Australia/Sydney",-35.285307,149.131579,,,,"Unknown Governmental Organization","Australia - ACT"
9466,"Civic","pm10",17.66,"µg/m³","2025-10-07T18:00:00Z","2025-10-08T05:00:00+11:00","Australia/Sydney",-35.285307,149.131579,,,,"Unknown Governmental Organization","Australia - ACT"
9466,"Civic","pm10",18.12,"µg/m³","2025-10-07T19:00:00Z","2025-10-08T06:00:00+11:00","Australia/Sydney",-35.285307,149.131579,,,,"Unknown Governmental Organization","Australia - ACT"
9466,"Civic","pm10",18.78,"µg/m³","2025-10-07T20:00:00Z","2025-10-08T07:00:00+11:00","Australia/Sydney",-35.285307,149.131579,,,,"Unknown Governmental Organization","Australia - ACT"
9466,"Civic","pm10",19.51,"µg/m³","2025-10-07T21:00:00Z","2025-10-08T08:00:00+11:00","Australia/Sydney",-35.285307,149.131579,,,,"Unknown Governmental Organization","Australia - ACT"
9466,"Civic","pm10",20.1,"µg/m³","2025-10-07T22:00:00Z","2025-10-08T09:00:00+11:00","Australia/Sydney",-35.285307,149.131579,,,,"Unknown Governmental Organization","Australia - ACT"
9466,"Civic","pm10",20.5,"µg/m³","2025-10-07T23:00:00Z","2025-10-08T10:00:00+11:00","Australia/Sydney",-35.285307,149.131579,,,,"Unknown Governmental Organization","Australia - ACT"
9466,"Civic","pm10",20.83,"µg/m³","2025-10-08T00:00:00Z","2025-10-08T11:00:00+11:00","Australia/Sydney",-35.285307,149.131579,,,,"Unknown Governmental Organization","Australia - ACT"
9466,"Civic","pm10",21.17,"µg/m³","2025-10-08T01:00:00Z","2025-10-08T12:00:00+11:00","Australia/Sydney",-35.285307,149.131579,,,,"Unknown Governmental Organization","Australia - ACT"
9466,"Civic","pm10",21.45,"µg/m³","2025-10-08T02:00:00Z","2025-10-08T13:00:00+11:00","Australia/Sydney",-35.285307,149.131579,,,,"Unknown Governmental Organization","Australia - ACT"
9466,"Civic","pm10",21.85,"µg/m³","2025-10-08T03:00:00Z","2025-10-08T14:00:00+11:00","Australia/Sydney",-35.285307,149.131579,,,,"Unknown Governmental Organization","Australia - ACT"
9466,"Civic","pm10",22.22,"µg/m³","2025-10-08T04:00:00Z","2025-10-08T15:00:00+11:00","Australia/Sydney",-35.285307,149.131579,,,,"Unknown Governmental Organization","Australia - ACT"
9466,"Civic","pm10",22.46,"µg/m³","2025-10-08T05:00:00Z","2025-10-08T16:00:00+11:00","Australia/Sydney",-35.285307,149.131579,,,,"Unknown Governmental Organization","Australia - ACT"
9466,"Civic","pm10",22.31,"µg/m³","2025-10-08T06:00:00Z","2025-10-08T17:00:00+11:00","Australia/Sydney",-35.285307,149.131579,,,,"Unknown Governmental Organization","Australia - ACT"
9466,"Civic","pm10",21.96,"µg/m³","2025-10-08T07:00:00Z","2025-10-08T18:00:00+11:00","Australia/Sydney",-35.285307,149.131579,,,,"Unknown Governmental Organization","Australia - ACT"
9466,"Civic","pm10",21.76,"µg/m³","2025-10-08T08:00:00Z","2025-10-08T19:00:00+11:00","Australia/Sydney",-35.285307,149.131579,,,,"Unknown Governmental Organization","Australia - ACT"
9466,"Civic","pm10",21.76,"µg/m³","2025-10-08T09:00:00Z","2025-10-08T20:00:00+11:00","Australia/Sydney",-35.285307,149.131579,,,,"Unknown Governmental Organization","Australia - ACT"
9466,"Civic","pm10",21.82,"µg/m³","2025-10-08T10:00:00Z","2025-10-08T21:00:00+11:00","Australia/Sydney",-35.285307,149.131579,,,,"Unknown Governmental Organization","Australia - ACT"
9466,"Civic","pm10",22.02,"µg/m³","2025-10-08T11:00:00Z","2025-10-08T22:00:00+11:00","Australia/Sydney",-35.285307,149.131579,,,,"Unknown Governmental Organization","Australia - ACT"
9466,"Civic","pm10",22.21,"µg/m³","2025-10-08T12:00:00Z","2025-10-08T23:00:00+11:00","Australia/Sydney",-35.285307,149.131579,,,,"Unknown Governmental Organization","Australia - ACT"
9466,"Civic","pm10",22.29,"µg/m³","2025-10-08T13:00:00Z","2025-10-09T00:00:00+11:00","Australia/Sydney",-35.285307,149.131579,,,,"Unknown Governmental Organization","Australia - ACT"
9466,"Civic","pm10",22.47,"µg/m³","2025-10-08T14:00:00Z","2025-10-09T01:00:00+11:00","Australia/Sydney",-35.285307,149.131579,,,,"Unknown Governmental Organization","Australia - ACT"
9466,"Civic","pm10",22.67,"µg/m³","2025-10-08T15:00:00Z","2025-10-09T02:00:00+11:00","Australia/Sydney",-35.285307,149.131579,,,,"Unknown Governmental Organization","Australia - ACT"
9466,"Civic","pm10",22.51,"µg/m³","2025-10-08T16:00:00Z","2025-10-09T03:00:00+11:00","Australia/Sydney",-35.285307,149.131579,,,,"Unknown Governmental Organization","Australia - ACT"
9466,"Civic","pm10",21.71,"µg/m³","2025-10-08T17:00:00Z","2025-10-09T04:00:00+11:00","Australia/Sydney",-35.285307,149.131579,,,,"Unknown Governmental Organization","Australia - ACT"
9466,"Civic","pm10",20.61,"µg/m³","2025-10-08T18:00:00Z","2025-10-09T05:00:00+11:00","Australia/Sydney",-35.285307,149.131579,,,,"Unknown Governmental Organization","Australia - ACT"
9466,"Civic","pm10",19.56,"µg/m³","2025-10-08T19:00:00Z","2025-10-09T06:00:00+11:00","Australia/Sydney",-35.285307,149.131579,,,,"Unknown Governmental Organization","Australia - ACT"
9466,"Civic","pm10",18.4,"µg/m³","2025-10-08T20:00:00Z","2025-10-09T07:00:00+11:00","Australia/Sydney",-35.285307,149.131579,,,,"Unknown Governmental Organization","Australia - ACT"
9466,"Civic","pm10",17.26,"µg/m³","2025-10-08T21:00:00Z","2025-10-09T08:00:00+11:00","Australia/Sydney",-35.285307,149.131579,,,,"Unknown Governmental Organization","Australia - ACT"
9466,"Civic","pm10",16.29,"µg/m³","2025-10-08T22:00:00Z","2025-10-09T09:00:00+11:00","Australia/Sydney",-35.285307,149.131579,,,,"Unknown Governmental Organization","Australia - ACT"
9466,"Civic","pm10",15.53,"µg/m³","2025-10-08T23:00:00Z","2025-10-09T10:00:00+11:00","Australia/Sydney",-35.285307,149.131579,,,,"Unknown Governmental Organization","Australia - ACT"
9466,"Civic","pm10",15.21,"µg/m³","2025-10-09T00:00:00Z","2025-10-09T11:00:00+11:00","Australia/Sydney",-35.285307,149.131579,,,,"Unknown Governmental Organization","Australia - ACT"
9466,"Civic","pm10",14.98,"µg/m³","2025-10-09T01:00:00Z","2025-10-09T12:00:00+11:00","Australia/Sydney",-35.285307,149.131579,,,,"Unknown Governmental Organization","Australia - ACT"
9466,"Civic","pm10",14.7,"µg/m³","2025-10-09T02:00:00Z","2025-10-09T13:00:00+11:00","Australia/Sydney",-35.285307,149.131579,,,,"Unknown Governmental Organization","Australia - ACT"
9466,"Civic","pm10",14.32,"µg/m³","2025-10-09T03:00:00Z","2025-10-09T14:00:00+11:00","Australia/Sydney",-35.285307,149.131579,,,,"Unknown Governmental Organization","Australia - ACT"
9466,"Civic","pm10",13.97,"µg/m³","2025-10-09T04:00:00Z","2025-10-09T15:00:00+11:00","Australia/Sydney",-35.285307,149.131579,,,,"Unknown Governmental Organization","Australia - ACT"
9466,"Civic","pm10",13.64,"µg/m³","2025-10-09T05:00:00Z","2025-10-09T16:00:00+11:00","Australia/Sydney",-35.285307,149.131579,,,,"Unknown Governmental Organization","Australia - ACT"
9466,"Civic","pm10",13.32,"µg/m³","2025-10-09T06:00:00Z","2025-10-09T17:00:00+11:00","Australia/Sydney",-35.285307,149.131579,,,,"Unknown Governmental Organization","Australia - ACT"
9466,"Civic","pm10",12.99,"µg/m³","2025-10-09T07:00:00Z","2025-10-09T18:00:00+11:00","Australia/Sydney",-35.285307,149.131579,,,,"Unknown Governmental Organization","Australia - ACT"
9466,"Civic","pm10",12.64,"µg/m³","2025-10-09T08:00:00Z","2025-10-09T19:00:00+11:00","Australia/Sydney",-35.285307,149.131579,,,,"Unknown Governmental Organization","Australia - ACT"
9466,"Civic","pm10",12.23,"µg/m³","2025-10-09T09:00:00Z","2025-10-09T20:00:00+11:00","Australia/Sydney",-35.285307,149.131579,,,,"Unknown Governmental Organization","Australia - ACT"
9466,"Civic","pm10",11.86,"µg/m³","2025-10-09T10:00:00Z","2025-10-09T21:00:00+11:00","Australia/Sydney",-35.285307,149.131579,,,,"Unknown Governmental Organization","Australia - ACT"
9466,"Civic","pm10",11.41,"µg/m³","2025-10-09T11:00:00Z","2025-10-09T22:00:00+11:00","Australia/Sydney",-35.285307,149.131579,,,,"Unknown Governmental Organization","Australia - ACT"
9466,"Civic","pm10",10.87,"µg/m³","2025-10-09T12:00:00Z","2025-10-09T23:00:00+11:00","Australia/Sydney",-35.285307,149.131579,,,,"Unknown Governmental Organization","Australia - ACT"
9466,"Civic","pm10",10.47,"µg/m³","2025-10-09T13:00:00Z","2025-10-10T00:00:00+11:00","Australia/Sydney",-35.285307,149.131579,,,,"Unknown Governmental Organization","Australia - ACT"
9466,"Civic","pm10",10.07,"µg/m³","2025-10-09T14:00:00Z","2025-10-10T01:00:00+11:00","Australia/Sydney",-35.285307,149.131579,,,,"Unknown Governmental Organization","Australia - ACT"
9466,"Civic","pm10",9.54,"µg/m³","2025-10-09T15:00:00Z","2025-10-10T02:00:00+11:00","Australia/Sydney",-35.285307,149.131579,,,,"Unknown Governmental Organization","Australia - ACT"
9466,"Civic","pm10",9.23,"µg/m³","2025-10-09T16:00:00Z","2025-10-10T03:00:00+11:00","Australia/Sydney",-35.285307,149.131579,,,,"Unknown Governmental Organization","Australia - ACT"
9466,"Civic","pm10",9.46,"µg/m³","2025-10-09T17:00:00Z","2025-10-10T04:00:00+11:00","Australia/Sydney",-35.285307,149.131579,,,,"Unknown Governmental Organization","Australia - ACT"
9466,"Civic","pm10",9.93,"µg/m³","2025-10-09T18:00:00Z","2025-10-10T05:00:00+11:00","Australia/Sydney",-35.285307,149.131579,,,,"Unknown Governmental Organization","Australia - ACT"
9466,"Civic","pm10",10.33,"µg/m³","2025-10-09T19:00:00Z","2025-10-10T06:00:00+11:00","Australia/Sydney",-35.285307,149.131579,,,,"Unknown Governmental Organization","Australia - ACT"
9466,"Civic","pm10",10.73,"µg/m³","2025-10-09T20:00:00Z","2025-10-10T07:00:00+11:00","Australia/Sydney",-35.285307,149.131579,,,,"Unknown Governmental Organization","Australia - ACT"
9466,"Civic","pm10",11.2,"µg/m³","2025-10-09T21:00:00Z","2025-10-10T08:00:00+11:00","Australia/Sydney",-35.285307,149.131579,,,,"Unknown Governmental Organization","Australia - ACT"
9466,"Civic","pm10",11.71,"µg/m³","2025-10-09T22:00:00Z","2025-10-10T09:00:00+11:00","Australia/Sydney",-35.285307,149.131579,,,,"Unknown Governmental Organization","Australia - ACT"
9466,"Civic","pm10",12.25,"µg/m³","2025-10-09T23:00:00Z","2025-10-10T10:00:00+11:00","Australia/Sydney",-35.285307,149.131579,,,,"Unknown Governmental Organization","Australia - ACT"
9466,"Civic","pm10",12.76,"µg/m³","2025-10-10T00:00:00Z","2025-10-10T11:00:00+11:00","Australia/Sydney",-35.285307,149.131579,,,,"Unknown Governmental Organization","Australia - ACT"
9466,"Civic","pm10",13.23,"µg/m³","2025-10-10T01:00:00Z","2025-10-10T12:00:00+11:00","Australia/Sydney",-35.285307,149.131579,,,,"Unknown Governmental Organization","Australia - ACT"
9466,"Civic","pm10",13.78,"µg/m³","2025-10-10T02:00:00Z","2025-10-10T13:00:00+11:00","Australia/Sydney",-35.285307,149.131579,,,,"Unknown Governmental Organization","Australia - ACT"
9466,"Civic","pm10",14.45,"µg/m³","2025-10-10T03:00:00Z","2025-10-10T14:00:00+11:00","Australia/Sydney",-35.285307,149.131579,,,,"Unknown Governmental Organization","Australia - ACT"
9466,"Civic","pm10",14.84,"µg/m³","2025-10-10T04:00:00Z","2025-10-10T15:00:00+11:00","Australia/Sydney",-35.285307,149.131579,,,,"Unknown Governmental Organization","Australia - ACT"
9466,"Civic","pm10",15.19,"µg/m³","2025-10-10T05:00:00Z","2025-10-10T16:00:00+11:00","Australia/Sydney",-35.285307,149.131579,,,,"Unknown Governmental Organization","Australia - ACT"
9466,"Civic","pm10",15.63,"µg/m³","2025-10-10T06:00:00Z","2025-10-10T17:00:00+11:00","Australia/Sydney",-35.285307,149.131579,,,,"Unknown Governmental Organization","Australia - ACT"
9466,"Civic","pm10",16.1,"µg/m³","2025-10-10T07:00:00Z","2025-10-10T18:00:00+11:00","Australia/Sydney",-35.285307,149.131579,,,,"Unknown Governmental Organization","Australia - ACT"
9466,"Civic","pm10",16.55,"µg/m³","2025-10-10T08:00:00Z","2025-10-10T19:00:00+11:00","Australia/Sydney",-35.285307,149.131579,,,,"Unknown Governmental Organization","Australia - ACT"
9466,"Civic","pm10",16.92,"µg/m³","2025-10-10T09:00:00Z","2025-10-10T20:00:00+11:00","Australia/Sydney",-35.285307,149.131579,,,,"Unknown Governmental Organization","Australia - ACT"
9466,"Civic","pm10",17.22,"µg/m³","2025-10-10T10:00:00Z","2025-10-10T21:00:00+11:00","Australia/Sydney",-35.285307,149.131579,,,,"Unknown Governmental Organization","Australia - ACT"
9466,"Civic","pm10",17.57,"µg/m³","2025-10-10T11:00:00Z","2025-10-10T22:00:00+11:00","Australia/Sydney",-35.285307,149.131579,,,,"Unknown Governmental Organization","Australia - ACT"
9466,"Civic","pm10",17.91,"µg/m³","2025-10-10T12:00:00Z","2025-10-10T23:00:00+11:00","Australia/Sydney",-35.285307,149.131579,,,,"Unknown Governmental Organization","Australia - ACT"
9466,"Civic","pm10",18.15,"µg/m³","2025-10-10T13:00:00Z","2025-10-11T00:00:00+11:00","Australia/Sydney",-35.285307,149.131579,,,,"Unknown Governmental Organization","Australia - ACT"
9466,"Civic","pm10",18.31,"µg/m³","2025-10-10T14:00:00Z","2025-10-11T01:00:00+11:00","Australia/Sydney",-35.285307,149.131579,,,,"Unknown Governmental Organization","Australia - ACT"
9466,"Civic","pm10",18.44,"µg/m³","2025-10-10T15:00:00Z","2025-10-11T02:00:00+11:00","Australia/Sydney",-35.285307,149.131579,,,,"Unknown Governmental Organization","Australia - ACT"
9466,"Civic","pm10",18.65,"µg/m³","2025-10-10T16:00:00Z","2025-10-11T03:00:00+11:00","Australia/Sydney",-35.285307,149.131579,,,,"Unknown Governmental Organization","Australia - ACT"
9466,"Civic","pm10",18.68,"µg/m³","2025-10-10T17:00:00Z","2025-10-11T04:00:00+11:00","Australia/Sydney",-35.285307,149.131579,,,,"Unknown Governmental Organization","Australia - ACT"
9466,"Civic","pm10",18.67,"µg/m³","2025-10-10T18:00:00Z","2025-10-11T05:00:00+11:00","Australia/Sydney",-35.285307,149.131579,,,,"Unknown Governmental Organization","Australia - ACT"
9466,"Civic","pm10",18.68,"µg/m³","2025-10-10T19:00:00Z","2025-10-11T06:00:00+11:00","Australia/Sydney",-35.285307,149.131579,,,,"Unknown Governmental Organization","Australia - ACT"
9466,"Civic","pm10",18.82,"µg/m³","2025-10-10T20:00:00Z","2025-10-11T07:00:00+11:00","Australia/Sydney",-35.285307,149.131579,,,,"Unknown Governmental Organization","Australia - ACT"
9466,"Civic","pm10",19.07,"µg/m³","2025-10-10T21:00:00Z","2025-10-11T08:00:00+11:00","Australia/Sydney",-35.285307,149.131579,,,,"Unknown Governmental Organization","Australia - ACT"
9466,"Civic","pm10",19.43,"µg/m³","2025-10-10T22:00:00Z","2025-10-11T09:00:00+11:00","Australia/Sydney",-35.285307,149.131579,,,,"Unknown Governmental Organization","Australia - ACT"
9466,"Civic","pm10",19.84,"µg/m³","2025-10-10T23:00:00Z","2025-10-11T10:00:00+11:00","Australia/Sydney",-35.285307,149.131579,,,,"Unknown Governmental Organization","Australia - ACT"
9466,"Civic","pm10",20.22,"µg/m³","2025-10-11T00:00:00Z","2025-10-11T11:00:00+11:00","Australia/Sydney",-35.285307,149.131579,,,,"Unknown Governmental Organization","Australia - ACT"
9466,"Civic","pm10",20.55,"µg/m³","2025-10-11T01:00:00Z","2025-10-11T12:00:00+11:00","Australia/Sydney",-35.285307,149.131579,,,,"Unknown Governmental Organization","Australia - ACT"
9466,"Civic","pm10",20.99,"µg/m³","2025-10-11T02:00:00Z","2025-10-11T13:00:00+11:00","Australia/Sydney",-35.285307,149.131579,,,,"Unknown Governmental Organization","Australia - ACT"
9466,"Civic","pm10",21.05,"µg/m³","2025-10-11T03:00:00Z","2025-10-11T14:00:00+11:00","Australia/Sydney",-35.285307,149.131579,,,,"Unknown Governmental Organization","Australia - ACT"
9466,"Civic","pm10",21.01,"µg/m³","2025-10-11T04:00:00Z","2025-10-11T15:00:00+11:00","Australia/Sydney",-35.285307,149.131579,,,,"Unknown Governmental Organization","Australia - ACT"
9466,"Civic","pm10",20.77,"µg/m³","2025-10-11T05:00:00Z","2025-10-11T16:00:00+11:00","Australia/Sydney",-35.285307,149.131579,,,,"Unknown Governmental Organization","Australia - ACT"
9466,"Civic","pm10",20.56,"µg/m³","2025-10-11T06:00:00Z","2025-10-11T17:00:00+11:00","Australia/Sydney",-35.285307,149.131579,,,,"Unknown Governmental Organization","Australia - ACT"
9466,"Civic","pm10",20.47,"µg/m³","2025-10-11T07:00:00Z","2025-10-11T18:00:00+11:00","Australia/Sydney",-35.285307,149.131579,,,,"Unknown Governmental Organization","Australia - ACT"
9466,"Civic","pm10",20.3,"µg/m³","2025-10-11T08:00:00Z","2025-10-11T19:00:00+11:00","Australia/Sydney",-35.285307,149.131579,,,,"Unknown Governmental Organization","Australia - ACT"
9466,"Civic","pm10",20.13,"µg/m³","2025-10-11T09:00:00Z","2025-10-11T20:00:00+11:00","Australia/Sydney",-35.285307,149.131579,,,,"Unknown Governmental Organization","Australia - ACT"
9466,"Civic","pm10",19.93,"µg/m³","2025-10-11T10:00:00Z","2025-10-11T21:00:00+11:00","Australia/Sydney",-35.285307,149.131579,,,,"Unknown Governmental Organization","Australia - ACT"
9466,"Civic","pm10",19.63,"µg/m³","2025-10-11T11:00:00Z","2025-10-11T22:00:00+11:00","Australia/Sydney",-35.285307,149.131579,,,,"Unknown Governmental Organization","Australia - ACT"
9466,"Civic","pm10",19.42,"µg/m³","2025-10-11T12:00:00Z","2025-10-11T23:00:00+11:00","Australia/Sydney",-35.285307,149.131579,,,,"Unknown Governmental Organization","Australia - ACT"
9466,"Civic","pm10",19.28,"µg/m³","2025-10-11T13:00:00Z","2025-10-12T00:00:00+11:00","Australia/Sydney",-35.285307,149.131579,,,,"Unknown Governmental Organization","Australia - ACT"
9466,"Civic","pm10",19.36,"µg/m³","2025-10-11T14:00:00Z","2025-10-12T01:00:00+11:00","Australia/Sydney",-35.285307,149.131579,,,,"Unknown Governmental Organization","Australia - ACT"
9466,"Civic","pm10",19.67,"µg/m³","2025-10-11T15:00:00Z","2025-10-12T02:00:00+11:00","Australia/Sydney",-35.285307,149.131579,,,,"Unknown Governmental Organization","Australia - ACT"
9466,"Civic","pm10",19.96,"µg/m³","2025-10-11T16:00:00Z","2025-10-12T03:00:00+11:00","Australia/Sydney",-35.285307,149.131579,,,,"Unknown Governmental Organization","Australia - ACT"
9466,"Civic","pm10",20.4,"µg/m³","2025-10-11T17:00:00Z","2025-10-12T04:00:00+11:00","Australia/Sydney",-35.285307,149.131579,,,,"Unknown Governmental Organization","Australia - ACT"
9466,"Civic","pm10",20.73,"µg/m³","2025-10-11T18:00:00Z","2025-10-12T05:00:00+11:00","Australia/Sydney",-35.285307,149.131579,,,,"Unknown Governmental Organization","Australia - ACT"
9466,"Civic","pm10",21.01,"µg/m³","2025-10-11T19:00:00Z","2025-10-12T06:00:00+11:00","Australia/Sydney",-35.285307,149.131579,,,,"Unknown Governmental Organization","Australia - ACT"
9466,"Civic","pm10",21.04,"µg/m³","2025-10-11T20:00:00Z","2025-10-12T07:00:00+11:00","Australia/Sydney",-35.285307,149.131579,,,,"Unknown Governmental Organization","Australia - ACT"
9466,"Civic","pm10",20.73,"µg/m³","2025-10-11T21:00:00Z","2025-10-12T08:00:00+11:00","Australia/Sydney",-35.285307,149.131579,,,,"Unknown Governmental Organization","Australia - ACT"
9466,"Civic","pm10",20.23,"µg/m³","2025-10-11T22:00:00Z","2025-10-12T09:00:00+11:00","Australia/Sydney",-35.285307,149.131579,,,,"Unknown Governmental Organization","Australia - ACT"
9466,"Civic","pm10",19.68,"µg/m³","2025-10-11T23:00:00Z","2025-10-12T10:00:00+11:00","Australia/Sydney",-35.285307,149.131579,,,,"Unknown Governmental Organization","Australia - ACT"
9466,"Civic","pm10",19.2,"µg/m³","2025-10-12T00:00:00Z","2025-10-12T11:00:00+11:00","Australia/Sydney",-35.285307,149.131579,,,,"Unknown Governmental Organization","Australia - ACT"
9466,"Civic","pm25",4.47,"µg/m³","2025-10-01T01:00:00Z","2025-10-01T11:00:00+10:00","Australia/Sydney",-35.285307,149.131579,,,,"Unknown Governmental Organization","Australia - ACT"
9466,"Civic","pm25",4.4,"µg/m³","2025-10-01T02:00:00Z","2025-10-01T12:00:00+10:00","Australia/Sydney",-35.285307,149.131579,,,,"Unknown Governmental Organization","Australia - ACT"
9466,"Civic","pm25",4.58,"µg/m³","2025-10-01T03:00:00Z","2025-10-01T13:00:00+10:00","Australia/Sydney",-35.285307,149.131579,,,,"Unknown Governmental Organization","Australia - ACT"
9466,"Civic","pm25",4.32,"µg/m³","2025-10-01T04:00:00Z","2025-10-01T14:00:00+10:00","Australia/Sydney",-35.285307,149.131579,,,,"Unknown Governmental Organization","Australia - ACT"
9466,"Civic","pm25",4.38,"µg/m³","2025-10-01T05:00:00Z","2025-10-01T15:00:00+10:00","Australia/Sydney",-35.285307,149.131579,,,,"Unknown Governmental Organization","Australia - ACT"
9466,"Civic","pm25",4.27,"µg/m³","2025-10-01T06:00:00Z","2025-10-01T16:00:00+10:00","Australia/Sydney",-35.285307,149.131579,,,,"Unknown Governmental Organization","Australia - ACT"
9466,"Civic","pm25",4.62,"µg/m³","2025-10-01T07:00:00Z","2025-10-01T17:00:00+10:00","Australia/Sydney",-35.285307,149.131579,,,,"Unknown Governmental Organization","Australia - ACT"
9466,"Civic","pm25",4.95,"µg/m³","2025-10-01T08:00:00Z","2025-10-01T18:00:00+10:00","Australia/Sydney",-35.285307,149.131579,,,,"Unknown Governmental Organization","Australia - ACT"
9466,"Civic","pm25",4.72,"µg/m³","2025-10-01T09:00:00Z","2025-10-01T19:00:00+10:00","Australia/Sydney",-35.285307,149.131579,,,,"Unknown Governmental Organization","Australia - ACT"
9466,"Civic","pm25",4.48,"µg/m³","2025-10-01T10:00:00Z","2025-10-01T20:00:00+10:00","Australia/Sydney",-35.285307,149.131579,,,,"Unknown Governmental Organization","Australia - ACT"
9466,"Civic","pm25",4.26,"µg/m³","2025-10-01T11:00:00Z","2025-10-01T21:00:00+10:00","Australia/Sydney",-35.285307,149.131579,,,,"Unknown Governmental Organization","Australia - ACT"
9466,"Civic","pm25",4.08,"µg/m³","2025-10-01T12:00:00Z","2025-10-01T22:00:00+10:00","Australia/Sydney",-35.285307,149.131579,,,,"Unknown Governmental Organization","Australia - ACT"
9466,"Civic","pm25",4.01,"µg/m³","2025-10-01T13:00:00Z","2025-10-01T23:00:00+10:00","Australia/Sydney",-35.285307,149.131579,,,,"Unknown Governmental Organization","Australia - ACT"
9466,"Civic","pm25",4.1,"µg/m³","2025-10-01T14:00:00Z","2025-10-02T00:00:00+10:00","Australia/Sydney",-35.285307,149.131579,,,,"Unknown Governmental Organization","Australia - ACT"
9466,"Civic","pm25",3.45,"µg/m³","2025-10-01T15:00:00Z","2025-10-02T01:00:00+10:00","Australia/Sydney",-35.285307,149.131579,,,,"Unknown Governmental Organization","Australia - ACT"
9466,"Civic","pm25",3.04,"µg/m³","2025-10-01T16:00:00Z","2025-10-02T02:00:00+10:00","Australia/Sydney",-35.285307,149.131579,,,,"Unknown Governmental Organization","Australia - ACT"
9466,"Civic","pm25",3.35,"µg/m³","2025-10-01T17:00:00Z","2025-10-02T03:00:00+10:00","Australia/Sydney",-35.285307,149.131579,,,,"Unknown Governmental Organization","Australia - ACT"
9466,"Civic","pm25",3.3,"µg/m³","2025-10-01T18:00:00Z","2025-10-02T04:00:00+10:00","Australia/Sydney",-35.285307,149.131579,,,,"Unknown Governmental Organization","Australia - ACT"
9466,"Civic","pm25",3.24,"µg/m³","2025-10-01T19:00:00Z","2025-10-02T05:00:00+10:00","Australia/Sydney",-35.285307,149.131579,,,,"Unknown Governmental Organization","Australia - ACT"
9466,"Civic","pm25",3.11,"µg/m³","2025-10-01T20:00:00Z","2025-10-02T06:00:00+10:00","Australia/Sydney",-35.285307,149.131579,,,,"Unknown Governmental Organization","Australia - ACT"
9466,"Civic","pm25",3.03,"µg/m³","2025-10-01T21:00:00Z","2025-10-02T07:00:00+10:00","Australia/Sydney",-35.285307,149.131579,,,,"Unknown Governmental Organization","Australia - ACT"
9466,"Civic","pm25",2.4,"µg/m³","2025-10-01T22:00:00Z","2025-10-02T08:00:00+10:00","Australia/Sydney",-35.285307,149.131579,,,,"Unknown Governmental Organization","Australia - ACT"
9466,"Civic","pm25",2.67,"µg/m³","2025-10-01T23:00:00Z","2025-10-02T09:00:00+10:00","Australia/Sydney",-35.285307,149.131579,,,,"Unknown Governmental Organization","Australia - ACT"
9466,"Civic","pm25",3.22,"µg/m³","2025-10-02T00:00:00Z","2025-10-02T10:00:00+10:00","Australia/Sydney",-35.285307,149.131579,,,,"Unknown Governmental Organization","Australia - ACT"
9466,"Civic","pm25",3.18,"µg/m³","2025-10-02T01:00:00Z","2025-10-02T11:00:00+10:00","Australia/Sydney",-35.285307,149.131579,,,,"Unknown Governmental Organization","Australia - ACT"
9466,"Civic","pm25",3.23,"µg/m³","2025-10-02T02:00:00Z","2025-10-02T12:00:00+10:00","Australia/Sydney",-35.285307,149.131579,,,,"Unknown Governmental Organization","Australia - ACT"
9466,"Civic","pm25",2.97,"µg/m³","2025-10-02T03:00:00Z","2025-10-02T13:00:00+10:00","Australia/Sydney",-35.285307,149.131579,,,,"Unknown Governmental Organization","Australia - ACT"
9466,"Civic","pm25",3,"µg/m³","2025-10-02T04:00:00Z","2025-10-02T14:00:00+10:00","Australia/Sydney",-35.285307,149.131579,,,,"Unknown Governmental Organization","Australia - ACT"
9466,"Civic","pm25",2.84,"µg/m³","2025-10-02T05:00:00Z","2025-10-02T15:00:00+10:00","Australia/Sydney",-35.285307,149.131579,,,,"Unknown Governmental Organization","Australia - ACT"
9466,"Civic","pm25",2.88,"µg/m³","2025-10-02T06:00:00Z","2025-10-02T16:00:00+10:00","Australia/Sydney",-35.285307,149.131579,,,,"Unknown Governmental Organization","Australia - ACT"
9466,"Civic","pm25",2.81,"µg/m³","2025-10-02T07:00:00Z","2025-10-02T17:00:00+10:00","Australia/Sydney",-35.285307,149.131579,,,,"Unknown Governmental Organization","Australia - ACT"
9466,"Civic","pm25",2.94,"µg/m³","2025-10-02T08:00:00Z","2025-10-02T18:00:00+10:00","Australia/Sydney",-35.285307,149.131579,,,,"Unknown Governmental Organization","Australia - ACT"
9466,"Civic","pm25",3.15,"µg/m³","2025-10-02T09:00:00Z","2025-10-02T19:00:00+10:00","Australia/Sydney",-35.285307,149.131579,,,,"Unknown Governmental Organization","Australia - ACT"
9466,"Civic","pm25",3.38,"µg/m³","2025-10-02T10:00:00Z","2025-10-02T20:00:00+10:00","Australia/Sydney",-35.285307,149.131579,,,,"Unknown Governmental Organization","Australia - ACT"
9466,"Civic","pm25",3.47,"µg/m³","2025-10-02T11:00:00Z","2025-10-02T21:00:00+10:00","Australia/Sydney",-35.285307,149.131579,,,,"Unknown Governmental Organization","Australia - ACT"
9466,"Civic","pm25",3.43,"µg/m³","2025-10-02T12:00:00Z","2025-10-02T22:00:00+10:00","Australia/Sydney",-35.285307,149.131579,,,,"Unknown Governmental Organization","Australia - ACT"
9466,"Civic","pm25",3.22,"µg/m³","2025-10-02T13:00:00Z","2025-10-02T23:00:00+10:00","Australia/Sydney",-35.285307,149.131579,,,,"Unknown Governmental Organization","Australia - ACT"
9466,"Civic","pm25",3.34,"µg/m³","2025-10-02T14:00:00Z","2025-10-03T00:00:00+10:00","Australia/Sydney",-35.285307,149.131579,,,,"Unknown Governmental Organization","Australia - ACT"
9466,"Civic","pm25",3.86,"µg/m³","2025-10-02T15:00:00Z","2025-10-03T01:00:00+10:00","Australia/Sydney",-35.285307,149.131579,,,,"Unknown Governmental Organization","Australia - ACT"
9466,"Civic","pm25",4.35,"µg/m³","2025-10-02T16:00:00Z","2025-10-03T02:00:00+10:00","Australia/Sydney",-35.285307,149.131579,,,,"Unknown Governmental Organization","Australia - ACT"
9466,"Civic","pm25",4.49,"µg/m³","2025-10-02T17:00:00Z","2025-10-03T03:00:00+10:00","Australia/Sydney",-35.285307,149.131579,,,,"Unknown Governmental Organization","Australia - ACT"
9466,"Civic","pm25",4.6,"µg/m³","2025-10-02T18:00:00Z","2025-10-03T04:00:00+10:00","Australia/Sydney",-35.285307,149.131579,,,,"Unknown Governmental Organization","Australia - ACT"
9466,"Civic","pm25",4.63,"µg/m³","2025-10-02T19:00:00Z","2025-10-03T05:00:00+10:00","Australia/Sydney",-35.285307,149.131579,,,,"Unknown Governmental Organization","Australia - ACT"
9466,"Civic","pm25",4.63,"µg/m³","2025-10-02T20:00:00Z","2025-10-03T06:00:00+10:00","Australia/Sydney",-35.285307,149.131579,,,,"Unknown Governmental Organization","Australia - ACT"
9466,"Civic","pm25",4.64,"µg/m³","2025-10-02T21:00:00Z","2025-10-03T07:00:00+10:00","Australia/Sydney",-35.285307,149.131579,,,,"Unknown Governmental Organization","Australia - ACT"
9466,"Civic","pm25",4.87,"µg/m³","2025-10-02T22:00:00Z","2025-10-03T08:00:00+10:00","Australia/Sydney",-35.285307,149.131579,,,,"Unknown Governmental Organization","Australia - ACT"
9466,"Civic","pm25",5.06,"µg/m³","2025-10-02T23:00:00Z","2025-10-03T09:00:00+10:00","Australia/Sydney",-35.285307,149.131579,,,,"Unknown Governmental Organization","Australia - ACT"
9466,"Civic","pm25",4.96,"µg/m³","2025-10-03T00:00:00Z","2025-10-03T10:00:00+10:00","Australia/Sydney",-35.285307,149.131579,,,,"Unknown Governmental Organization","Australia - ACT"
9466,"Civic","pm25",5.31,"µg/m³","2025-10-03T01:00:00Z","2025-10-03T11:00:00+10:00","Australia/Sydney",-35.285307,149.131579,,,,"Unknown Governmental Organization","Australia - ACT"
9466,"Civic","pm25",5.34,"µg/m³","2025-10-03T02:00:00Z","2025-10-03T12:00:00+10:00","Australia/Sydney",-35.285307,149.131579,,,,"Unknown Governmental Organization","Australia - ACT"
9466,"Civic","pm25",5.61,"µg/m³","2025-10-03T03:00:00Z","2025-10-03T13:00:00+10:00","Australia/Sydney",-35.285307,149.131579,,,,"Unknown Governmental Organization","Australia - ACT"
9466,"Civic","pm25",5.72,"µg/m³","2025-10-03T04:00:00Z","2025-10-03T14:00:00+10:00","Australia/Sydney",-35.285307,149.131579,,,,"Unknown Governmental Organization","Australia - ACT"
9466,"Civic","pm25",5.82,"µg/m³","2025-10-03T05:00:00Z","2025-10-03T15:00:00+10:00","Australia/Sydney",-35.285307,149.131579,,,,"Unknown Governmental Organization","Australia - ACT"
9466,"Civic","pm25",5.98,"µg/m³","2025-10-03T06:00:00Z","2025-10-03T16:00:00+10:00","Australia/Sydney",-35.285307,149.131579,,,,"Unknown Governmental Organization","Australia - ACT"
9466,"Civic","pm25",5.35,"µg/m³","2025-10-03T07:00:00Z","2025-10-03T17:00:00+10:00","Australia/Sydney",-35.285307,149.131579,,,,"Unknown Governmental Organization","Australia - ACT"
9466,"Civic","pm25",4.86,"µg/m³","2025-10-03T08:00:00Z","2025-10-03T18:00:00+10:00","Australia/Sydney",-35.285307,149.131579,,,,"Unknown Governmental Organization","Australia - ACT"
9466,"Civic","pm25",4.76,"µg/m³","2025-10-03T09:00:00Z","2025-10-03T19:00:00+10:00","Australia/Sydney",-35.285307,149.131579,,,,"Unknown Governmental Organization","Australia - ACT"
9466,"Civic","pm25",4.49,"µg/m³","2025-10-03T10:00:00Z","2025-10-03T20:00:00+10:00","Australia/Sydney",-35.285307,149.131579,,,,"Unknown Governmental Organization","Australia - ACT"
9466,"Civic","pm25",4.37,"µg/m³","2025-10-03T11:00:00Z","2025-10-03T21:00:00+10:00","Australia/Sydney",-35.285307,149.131579,,,,"Unknown Governmental Organization","Australia - ACT"
9466,"Civic","pm25",4.61,"µg/m³","2025-10-03T12:00:00Z","2025-10-03T22:00:00+10:00","Australia/Sydney",-35.285307,149.131579,,,,"Unknown Governmental Organization","Australia - ACT"
9466,"Civic","pm25",4.91,"µg/m³","2025-10-03T13:00:00Z","2025-10-03T23:00:00+10:00","Australia/Sydney",-35.285307,149.131579,,,,"Unknown Governmental Organization","Australia - ACT"
9466,"Civic","pm25",4.94,"µg/m³","2025-10-03T14:00:00Z","2025-10-04T00:00:00+10:00","Australia/Sydney",-35.285307,149.131579,,,,"Unknown Governmental Organization","Australia - ACT"
9466,"Civic","pm25",5.04,"µg/m³","2025-10-03T15:00:00Z","2025-10-04T01:00:00+10:00","Australia/Sydney",-35.285307,149.131579,,,,"Unknown Governmental Organization","Australia - ACT"
9466,"Civic","pm25",5.16,"µg/m³","2025-10-03T16:00:00Z","2025-10-04T02:00:00+10:00","Australia/Sydney",-35.285307,149.131579,,,,"Unknown Governmental Organization","Australia - ACT"
9466,"Civic","pm25",5,"µg/m³","2025-10-03T17:00:00Z","2025-10-04T03:00:00+10:00","Australia/Sydney",-35.285307,149.131579,,,,"Unknown Governmental Organization","Australia - ACT"
9466,"Civic","pm25",4.88,"µg/m³","2025-10-03T18:00:00Z","2025-10-04T04:00:00+10:00","Australia/Sydney",-35.285307,149.131579,,,,"Unknown Governmental Organization","Australia - ACT"
9466,"Civic","pm25",4.87,"µg/m³","2025-10-03T19:00:00Z","2025-10-04T05:00:00+10:00","Australia/Sydney",-35.285307,149.131579,,,,"Unknown Governmental Organization","Australia - ACT"
9466,"Civic","pm25",4.53,"µg/m³","2025-10-03T20:00:00Z","2025-10-04T06:00:00+10:00","Australia/Sydney",-35.285307,149.131579,,,,"Unknown Governmental Organization","Australia - ACT"
9466,"Civic","pm25",4.48,"µg/m³","2025-10-03T21:00:00Z","2025-10-04T07:00:00+10:00","Australia/Sydney",-35.285307,149.131579,,,,"Unknown Governmental Organization","Australia - ACT"
9466,"Civic","pm25",4.5,"µg/m³","2025-10-03T22:00:00Z","2025-10-04T08:00:00+10:00","Australia/Sydney",-35.285307,149.131579,,,,"Unknown Governmental Organization","Australia - ACT"
9466,"Civic","pm25",4.49,"µg/m³","2025-10-03T23:00:00Z","2025-10-04T09:00:00+10:00","Australia/Sydney",-35.285307,149.131579,,,,"Unknown Governmental Organization","Australia - ACT"
9466,"Civic","pm25",4.46,"µg/m³","2025-10-04T00:00:00Z","2025-10-04T10:00:00+10:00","Australia/Sydney",-35.285307,149.131579,,,,"Unknown Governmental Organization","Australia - ACT"
9466,"Civic","pm25",4.36,"µg/m³","2025-10-04T01:00:00Z","2025-10-04T11:00:00+10:00","Australia/Sydney",-35.285307,149.131579,,,,"Unknown Governmental Organization","Australia - ACT"
9466,"Civic","pm25",4.39,"µg/m³","2025-10-04T02:00:00Z","2025-10-04T12:00:00+10:00","Australia/Sydney",-35.285307,149.131579,,,,"Unknown Governmental Organization","Australia - ACT"
9466,"Civic","pm25",4.18,"µg/m³","2025-10-04T03:00:00Z","2025-10-04T13:00:00+10:00","Australia/Sydney",-35.285307,149.131579,,,,"Unknown Governmental Organization","Australia - ACT"
9466,"Civic","pm25",4.11,"µg/m³","2025-10-04T04:00:00Z","2025-10-04T14:00:00+10:00","Australia/Sydney",-35.285307,149.131579,,,,"Unknown Governmental Organization","Australia - ACT"
9466,"Civic","pm25",4.02,"µg/m³","2025-10-04T05:00:00Z","2025-10-04T15:00:00+10:00","Australia/Sydney",-35.285307,149.131579,,,,"Unknown Governmental Organization","Australia - ACT"
9466,"Civic","pm25",3.97,"µg/m³","2025-10-04T06:00:00Z","2025-10-04T16:00:00+10:00","Australia/Sydney",-35.285307,149.131579,,,,"Unknown Governmental Organization","Australia - ACT"
9466,"Civic","pm25",4.11,"µg/m³","2025-10-04T07:00:00Z","2025-10-04T17:00:00+10:00","Australia/Sydney",-35.285307,149.131579,,,,"Unknown Governmental Organization","Australia - ACT"
9466,"Civic","pm25",4.21,"µg/m³","2025-10-04T08:00:00Z","2025-10-04T18:00:00+10:00","Australia/Sydney",-35.285307,149.131579,,,,"Unknown Governmental Organization","Australia - ACT"
9466,"Civic","pm25",4.38,"µg/m³","2025-10-04T09:00:00Z","2025-10-04T19:00:00+10:00","Australia/Sydney",-35.285307,149.131579,,,,"Unknown Governmental Organization","Australia - ACT"
9466,"Civic","pm25",4.88,"µg/m³","2025-10-04T10:00:00Z","2025-10-04T20:00:00+10:00","Australia/Sydney",-35.285307,149.131579,,,,"Unknown Governmental Organization","Australia - ACT"
9466,"Civic","pm25",5.33,"µg/m³","2025-10-04T11:00:00Z","2025-10-04T21:00:00+10:00","Australia/Sydney",-35.285307,149.131579,,,,"Unknown Governmental Organization","Australia - ACT"
9466,"Civic","pm25",5.61,"µg/m³","2025-10-04T12:00:00Z","2025-10-04T22:00:00+10:00","Australia/Sydney",-35.285307,149.131579,,,,"Unknown Governmental Organization","Australia - ACT"
9466,"Civic","pm25",5.8,"µg/m³","2025-10-04T13:00:00Z","2025-10-04T23:00:00+10:00","Australia/Sydney",-35.285307,149.131579,,,,"Unknown Governmental Organization","Australia - ACT"
9466,"Civic","pm25",5.76,"µg/m³","2025-10-04T14:00:00Z","2025-10-05T00:00:00+10:00","Australia/Sydney",-35.285307,149.131579,,,,"Unknown Governmental Organization","Australia - ACT"
9466,"Civic","pm25",5.82,"µg/m³","2025-10-04T15:00:00Z","2025-10-05T01:00:00+10:00","Australia/Sydney",-35.285307,149.131579,,,,"Unknown Governmental Organization","Australia - ACT"
9466,"Civic","pm25",5.97,"µg/m³","2025-10-04T16:00:00Z","2025-10-05T03:00:00+11:00","Australia/Sydney",-35.285307,149.131579,,,,"Unknown Governmental Organization","Australia - ACT"
9466,"Civic","pm25",6.09,"µg/m³","2025-10-04T17:00:00Z","2025-10-05T04:00:00+11:00","Australia/Sydney",-35.285307,149.131579,,,,"Unknown Governmental Organization","Australia - ACT"
9466,"Civic","pm25",6.05,"µg/m³","2025-10-04T18:00:00Z","2025-10-05T05:00:00+11:00","Australia/Sydney",-35.285307,149.131579,,,,"Unknown Governmental Organization","Australia - ACT"
9466,"Civic","pm25",6.48,"µg/m³","2025-10-04T19:00:00Z","2025-10-05T06:00:00+11:00","Australia/Sydney",-35.285307,149.131579,,,,"Unknown Governmental Organization","Australia - ACT"
9466,"Civic","pm25",6.5,"µg/m³","2025-10-04T20:00:00Z","2025-10-05T07:00:00+11:00","Australia/Sydney",-35.285307,149.131579,,,,"Unknown Governmental Organization","Australia - ACT"
9466,"Civic","pm25",6.7,"µg/m³","2025-10-04T21:00:00Z","2025-10-05T08:00:00+11:00","Australia/Sydney",-35.285307,149.131579,,,,"Unknown Governmental Organization","Australia - ACT"
9466,"Civic","pm25",6.79,"µg/m³","2025-10-04T22:00:00Z","2025-10-05T09:00:00+11:00","Australia/Sydney",-35.285307,149.131579,,,,"Unknown Governmental Organization","Australia - ACT"
9466,"Civic","pm25",6.68,"µg/m³","2025-10-04T23:00:00Z","2025-10-05T10:00:00+11:00","Australia/Sydney",-35.285307,149.131579,,,,"Unknown Governmental Organization","Australia - ACT"
9466,"Civic","pm25",6.3,"µg/m³","2025-10-05T00:00:00Z","2025-10-05T11:00:00+11:00","Australia/Sydney",-35.285307,149.131579,,,,"Unknown Governmental Organization","Australia - ACT"
9466,"Civic","pm25",6.19,"µg/m³","2025-10-05T01:00:00Z","2025-10-05T12:00:00+11:00","Australia/Sydney",-35.285307,149.131579,,,,"Unknown Governmental Organization","Australia - ACT"
9466,"Civic","pm25",6.09,"µg/m³","2025-10-05T02:00:00Z","2025-10-05T13:00:00+11:00","Australia/Sydney",-35.285307,149.131579,,,,"Unknown Governmental Organization","Australia - ACT"
9466,"Civic","pm25",5.78,"µg/m³","2025-10-05T03:00:00Z","2025-10-05T14:00:00+11:00","Australia/Sydney",-35.285307,149.131579,,,,"Unknown Governmental Organization","Australia - ACT"
9466,"Civic","pm25",5.73,"µg/m³","2025-10-05T04:00:00Z","2025-10-05T15:00:00+11:00","Australia/Sydney",-35.285307,149.131579,,,,"Unknown Governmental Organization","Australia - ACT"
9466,"Civic","pm25",5.62,"µg/m³","2025-10-05T05:00:00Z","2025-10-05T16:00:00+11:00","Australia/Sydney",-35.285307,149.131579,,,,"Unknown Governmental Organization","Australia - ACT"
9466,"Civic","pm25",6.16,"µg/m³","2025-10-05T06:00:00Z","2025-10-05T17:00:00+11:00","Australia/Sydney",-35.285307,149.131579,,,,"Unknown Governmental Organization","Australia - ACT"
9466,"Civic","pm25",6.45,"µg/m³","2025-10-05T07:00:00Z","2025-10-05T18:00:00+11:00","Australia/Sydney",-35.285307,149.131579,,,,"Unknown Governmental Organization","Australia - ACT"
9466,"Civic","pm25",6.4,"µg/m³","2025-10-05T08:00:00Z","2025-10-05T19:00:00+11:00","Australia/Sydney",-35.285307,149.131579,,,,"Unknown Governmental Organization","Australia - ACT"
9466,"Civic","pm25",6.16,"µg/m³","2025-10-05T09:00:00Z","2025-10-05T20:00:00+11:00","Australia/Sydney",-35.285307,149.131579,,,,"Unknown Governmental Organization","Australia - ACT"
9466,"Civic","pm25",6,"µg/m³","2025-10-05T10:00:00Z","2025-10-05T21:00:00+11:00","Australia/Sydney",-35.285307,149.131579,,,,"Unknown Governmental Organization","Australia - ACT"
9466,"Civic","pm25",5.76,"µg/m³","2025-10-05T11:00:00Z","2025-10-05T22:00:00+11:00","Australia/Sydney",-35.285307,149.131579,,,,"Unknown Governmental Organization","Australia - ACT"
9466,"Civic","pm25",5.48,"µg/m³","2025-10-05T12:00:00Z","2025-10-05T23:00:00+11:00","Australia/Sydney",-35.285307,149.131579,,,,"Unknown Governmental Organization","Australia - ACT"
9466,"Civic","pm25",5.45,"µg/m³","2025-10-05T13:00:00Z","2025-10-06T00:00:00+11:00","Australia/Sydney",-35.285307,149.131579,,,,"Unknown Governmental Organization","Australia - ACT"
9466,"Civic","pm25",5.54,"µg/m³","2025-10-05T14:00:00Z","2025-10-06T01:00:00+11:00","Australia/Sydney",-35.285307,149.131579,,,,"Unknown Governmental Organization","Australia - ACT"
9466,"Civic","pm25",5.3,"µg/m³","2025-10-05T15:00:00Z","2025-10-06T02:00:00+11:00","Australia/Sydney",-35.285307,149.131579,,,,"Unknown Governmental Organization","Australia - ACT"
9466,"Civic","pm25",5.13,"µg/m³","2025-10-05T16:00:00Z","2025-10-06T03:00:00+11:00","Australia/Sydney",-35.285307,149.131579,,,,"Unknown Governmental Organization","Australia - ACT"
9466,"Civic","pm25",5.02,"µg/m³","2025-10-05T17:00:00Z","2025-10-06T04:00:00+11:00","Australia/Sydney",-35.285307,149.131579,,,,"Unknown Governmental Organization","Australia - ACT"
9466,"Civic","pm25",5.07,"µg/m³","2025-10-05T18:00:00Z","2025-10-06T05:00:00+11:00","Australia/Sydney",-35.285307,149.131579,,,,"Unknown Governmental Organization","Australia - ACT"
9466,"Civic","pm25",5.2,"µg/m³","2025-10-05T19:00:00Z","2025-10-06T06:00:00+11:00","Australia/Sydney",-35.285307,149.131579,,,,"Unknown Governmental Organization","Australia - ACT"
9466,"Civic","pm25",5.41,"µg/m³","2025-10-05T20:00:00Z","2025-10-06T07:00:00+11:00","Australia/Sydney",-35.285307,149.131579,,,,"Unknown Governmental Organization","Australia - ACT"
9466,"Civic","pm25",5.22,"µg/m³","2025-10-05T21:00:00Z","2025-10-06T08:00:00+11:00","Australia/Sydney",-35.285307,149.131579,,,,"Unknown Governmental Organization","Australia - ACT"
9466,"Civic","pm25",4.98,"µg/m³","2025-10-05T22:00:00Z","2025-10-06T09:00:00+11:00","Australia/Sydney",-35.285307,149.131579,,,,"Unknown Governmental Organization","Australia - ACT"
9466,"Civic","pm25",4.96,"µg/m³","2025-10-05T23:00:00Z","2025-10-06T10:00:00+11:00","Australia/Sydney",-35.285307,149.131579,,,,"Unknown Governmental Organization","Australia - ACT"
9466,"Civic","pm25",5.04,"µg/m³","2025-10-06T00:00:00Z","2025-10-06T11:00:00+11:00","Australia/Sydney",-35.285307,149.131579,,,,"Unknown Governmental Organization","Australia - ACT"
9466,"Civic","pm25",5.03,"µg/m³","2025-10-06T01:00:00Z","2025-10-06T12:00:00+11:00","Australia/Sydney",-35.285307,149.131579,,,,"Unknown Governmental Organization","Australia - ACT"
9466,"Civic","pm25",5.04,"µg/m³","2025-10-06T02:00:00Z","2025-10-06T13:00:00+11:00","Australia/Sydney",-35.285307,149.131579,,,,"Unknown Governmental Organization","Australia - ACT"
9466,"Civic","pm25",5.36,"µg/m³","2025-10-06T03:00:00Z","2025-10-06T14:00:00+11:00","Australia/Sydney",-35.285307,149.131579,,,,"Unknown Governmental Organization","Australia - ACT"
9466,"Civic","pm25",5.25,"µg/m³","2025-10-06T04:00:00Z","2025-10-06T15:00:00+11:00","Australia/Sydney",-35.285307,149.131579,,,,"Unknown Governmental Organization","Australia - ACT"
9466,"Civic","pm25",5.1,"µg/m³","2025-10-06T05:00:00Z","2025-10-06T16:00:00+11:00","Australia/Sydney",-35.285307,149.131579,,,,"Unknown Governmental Organization","Australia - ACT"
9466,"Civic","pm25",4.23,"µg/m³","2025-10-06T06:00:00Z","2025-10-06T17:00:00+11:00","Australia/Sydney",-35.285307,149.131579,,,,"Unknown Governmental Organization","Australia - ACT"
9466,"Civic","pm25",4.1,"µg/m³","2025-10-06T07:00:00Z","2025-10-06T18:00:00+11:00","Australia/Sydney",-35.285307,149.131579,,,,"Unknown Governmental Organization","Australia - ACT"
9466,"Civic","pm25",3.96,"µg/m³","2025-10-06T08:00:00Z","2025-10-06T19:00:00+11:00","Australia/Sydney",-35.285307,149.131579,,,,"Unknown Governmental Organization","Australia - ACT"
9466,"Civic","pm25",3.51,"µg/m³","2025-10-06T09:00:00Z","2025-10-06T20:00:00+11:00","Australia/Sydney",-35.285307,149.131579,,,,"Unknown Governmental Organization","Australia - ACT"
9466,"Civic","pm25",3.32,"µg/m³","2025-10-06T10:00:00Z","2025-10-06T21:00:00+11:00","Australia/Sydney",-35.285307,149.131579,,,,"Unknown Governmental Organization","Australia - ACT"
9466,"Civic","pm25",3.13,"µg/m³","2025-10-06T11:00:00Z","2025-10-06T22:00:00+11:00","Australia/Sydney",-35.285307,149.131579,,,,"Unknown Governmental Organization","Australia - ACT"
9466,"Civic","pm25",3.16,"µg/m³","2025-10-06T12:00:00Z","2025-10-06T23:00:00+11:00","Australia/Sydney",-35.285307,149.131579,,,,"Unknown Governmental Organization","Australia - ACT"
9466,"Civic","pm25",3.17,"µg/m³","2025-10-06T13:00:00Z","2025-10-07T00:00:00+11:00","Australia/Sydney",-35.285307,149.131579,,,,"Unknown Governmental Organization","Australia - ACT"
9466,"Civic","pm25",2.35,"µg/m³","2025-10-06T14:00:00Z","2025-10-07T01:00:00+11:00","Australia/Sydney",-35.285307,149.131579,,,,"Unknown Governmental Organization","Australia - ACT"
9466,"Civic","pm25",1.87,"µg/m³","2025-10-06T15:00:00Z","2025-10-07T02:00:00+11:00","Australia/Sydney",-35.285307,149.131579,,,,"Unknown Governmental Organization","Australia - ACT"
9466,"Civic","pm25",1.93,"µg/m³","2025-10-06T16:00:00Z","2025-10-07T03:00:00+11:00","Australia/Sydney",-35.285307,149.131579,,,,"Unknown Governmental Organization","Australia - ACT"
9466,"Civic","pm25",1.85,"µg/m³","2025-10-06T17:00:00Z","2025-10-07T04:00:00+11:00","Australia/Sydney",-35.285307,149.131579,,,,"Unknown Governmental Organization","Australia - ACT"
9466,"Civic","pm25",1.55,"µg/m³","2025-10-06T18:00:00Z","2025-10-07T05:00:00+11:00","Australia/Sydney",-35.285307,149.131579,,,,"Unknown Governmental Organization","Australia - ACT"
9466,"Civic","pm25",1.72,"µg/m³","2025-10-06T19:00:00Z","2025-10-07T06:00:00+11:00","Australia/Sydney",-35.285307,149.131579,,,,"Unknown Governmental Organization","Australia - ACT"
9466,"Civic","pm25",1.85,"µg/m³","2025-10-06T20:00:00Z","2025-10-07T07:00:00+11:00","Australia/Sydney",-35.285307,149.131579,,,,"Unknown Governmental Organization","Australia - ACT"
9466,"Civic","pm25",1.95,"µg/m³","2025-10-06T21:00:00Z","2025-10-07T08:00:00+11:00","Australia/Sydney",-35.285307,149.131579,,,,"Unknown Governmental Organization","Australia - ACT"
9466,"Civic","pm25",1.75,"µg/m³","2025-10-06T22:00:00Z","2025-10-07T09:00:00+11:00","Australia/Sydney",-35.285307,149.131579,,,,"Unknown Governmental Organization","Australia - ACT"
9466,"Civic","pm25",1.51,"µg/m³","2025-10-06T23:00:00Z","2025-10-07T10:00:00+11:00","Australia/Sydney",-35.285307,149.131579,,,,"Unknown Governmental Organization","Australia - ACT"
9466,"Civic","pm25",1.59,"µg/m³","2025-10-07T00:00:00Z","2025-10-07T11:00:00+11:00","Australia/Sydney",-35.285307,149.131579,,,,"Unknown Governmental Organization","Australia - ACT"
9466,"Civic","pm25",1.87,"µg/m³","2025-10-07T01:00:00Z","2025-10-07T12:00:00+11:00","Australia/Sydney",-35.285307,149.131579,,,,"Unknown Governmental Organization","Australia - ACT"
9466,"Civic","pm25",2.18,"µg/m³","2025-10-07T02:00:00Z","2025-10-07T13:00:00+11:00","Australia/Sydney",-35.285307,149.131579,,,,"Unknown Governmental Organization","Australia - ACT"
9466,"Civic","pm25",2.42,"µg/m³","2025-10-07T03:00:00Z","2025-10-07T14:00:00+11:00","Australia/Sydney",-35.285307,149.131579,,,,"Unknown Governmental Organization","Australia - ACT"
9466,"Civic","pm25",2.61,"µg/m³","2025-10-07T04:00:00Z","2025-10-07T15:00:00+11:00","Australia/Sydney",-35.285307,149.131579,,,,"Unknown Governmental Organization","Australia - ACT"
9466,"Civic","pm25",2.83,"µg/m³","2025-10-07T05:00:00Z","2025-10-07T16:00:00+11:00","Australia/Sydney",-35.285307,149.131579,,,,"Unknown Governmental Organization","Australia - ACT"
9466,"Civic","pm25",3.49,"µg/m³","2025-10-07T06:00:00Z","2025-10-07T17:00:00+11:00","Australia/Sydney",-35.285307,149.131579,,,,"Unknown Governmental Organization","Australia - ACT"
9466,"Civic","pm25",3.33,"µg/m³","2025-10-07T07:00:00Z","2025-10-07T18:00:00+11:00","Australia/Sydney",-35.285307,149.131579,,,,"Unknown Governmental Organization","Australia - ACT"
9466,"Civic","pm25",3.45,"µg/m³","2025-10-07T08:00:00Z","2025-10-07T19:00:00+11:00","Australia/Sydney",-35.285307,149.131579,,,,"Unknown Governmental Organization","Australia - ACT"
9466,"Civic","pm25",3.87,"µg/m³","2025-10-07T09:00:00Z","2025-10-07T20:00:00+11:00","Australia/Sydney",-35.285307,149.131579,,,,"Unknown Governmental Organization","Australia - ACT"
9466,"Civic","pm25",4.06,"µg/m³","2025-10-07T10:00:00Z","2025-10-07T21:00:00+11:00","Australia/Sydney",-35.285307,149.131579,,,,"Unknown Governmental Organization","Australia - ACT"
9466,"Civic","pm25",4.23,"µg/m³","2025-10-07T11:00:00Z","2025-10-07T22:00:00+11:00","Australia/Sydney",-35.285307,149.131579,,,,"Unknown Governmental Organization","Australia - ACT"
9466,"Civic","pm25",4.34,"µg/m³","2025-10-07T12:00:00Z","2025-10-07T23:00:00+11:00","Australia/Sydney",-35.285307,149.131579,,,,"Unknown Governmental Organization","Australia - ACT"
9466,"Civic","pm25",4.42,"µg/m³","2025-10-07T13:00:00Z","2025-10-08T00:00:00+11:00","Australia/Sydney",-35.285307,149.131579,,,,"Unknown Governmental Organization","Australia - ACT"
9466,"Civic","pm25",5.24,"µg/m³","2025-10-07T14:00:00Z","2025-10-08T01:00:00+11:00","Australia/Sydney",-35.285307,149.131579,,,,"Unknown Governmental Organization","Australia - ACT"
9466,"Civic","pm25",5.7,"µg/m³","2025-10-07T15:00:00Z","2025-10-08T02:00:00+11:00","Australia/Sydney",-35.285307,149.131579,,,,"Unknown Governmental Organization","Australia - ACT"
9466,"Civic","pm25",5.92,"µg/m³","2025-10-07T16:00:00Z","2025-10-08T03:00:00+11:00","Australia/Sydney",-35.285307,149.131579,,,,"Unknown Governmental Organization","Australia - ACT"
9466,"Civic","pm25",6.3,"µg/m³","2025-10-07T17:00:00Z","2025-10-08T04:00:00+11:00","Australia/Sydney",-35.285307,149.131579,,,,"Unknown Governmental Organization","Australia - ACT"
9466,"Civic","pm25",6.76,"µg/m³","2025-10-07T18:00:00Z","2025-10-08T05:00:00+11:00","Australia/Sydney",-35.285307,149.131579,,,,"Unknown Governmental Organization","Australia - ACT"
9466,"Civic","pm25",6.53,"µg/m³","2025-10-07T19:00:00Z","2025-10-08T06:00:00+11:00","Australia/Sydney",-35.285307,149.131579,,,,"Unknown Governmental Organization","Australia - ACT"
9466,"Civic","pm25",6.36,"µg/m³","2025-10-07T20:00:00Z","2025-10-08T07:00:00+11:00","Australia/Sydney",-35.285307,149.131579,,,,"Unknown Governmental Organization","Australia - ACT"
9466,"Civic","pm25",6.52,"µg/m³","2025-10-07T21:00:00Z","2025-10-08T08:00:00+11:00","Australia/Sydney",-35.285307,149.131579,,,,"Unknown Governmental Organization","Australia - ACT"
9466,"Civic","pm25",6.72,"µg/m³","2025-10-07T22:00:00Z","2025-10-08T09:00:00+11:00","Australia/Sydney",-35.285307,149.131579,,,,"Unknown Governmental Organization","Australia - ACT"
9466,"Civic","pm25",7.4,"µg/m³","2025-10-07T23:00:00Z","2025-10-08T10:00:00+11:00","Australia/Sydney",-35.285307,149.131579,,,,"Unknown Governmental Organization","Australia - ACT"
9466,"Civic","pm25",7.54,"µg/m³","2025-10-08T00:00:00Z","2025-10-08T11:00:00+11:00","Australia/Sydney",-35.285307,149.131579,,,,"Unknown Governmental Organization","Australia - ACT"
9466,"Civic","pm25",7.51,"µg/m³","2025-10-08T01:00:00Z","2025-10-08T12:00:00+11:00","Australia/Sydney",-35.285307,149.131579,,,,"Unknown Governmental Organization","Australia - ACT"
9466,"Civic","pm25",8.58,"µg/m³","2025-10-08T02:00:00Z","2025-10-08T13:00:00+11:00","Australia/Sydney",-35.285307,149.131579,,,,"Unknown Governmental Organization","Australia - ACT"
9466,"Civic","pm25",8.87,"µg/m³","2025-10-08T03:00:00Z","2025-10-08T14:00:00+11:00","Australia/Sydney",-35.285307,149.131579,,,,"Unknown Governmental Organization","Australia - ACT"
9466,"Civic","pm25",8.88,"µg/m³","2025-10-08T04:00:00Z","2025-10-08T15:00:00+11:00","Australia/Sydney",-35.285307,149.131579,,,,"Unknown Governmental Organization","Australia - ACT"
9466,"Civic","pm25",8.81,"µg/m³","2025-10-08T05:00:00Z","2025-10-08T16:00:00+11:00","Australia/Sydney",-35.285307,149.131579,,,,"Unknown Governmental Organization","Australia - ACT"
9466,"Civic","pm25",8.67,"µg/m³","2025-10-08T06:00:00Z","2025-10-08T17:00:00+11:00","Australia/Sydney",-35.285307,149.131579,,,,"Unknown Governmental Organization","Australia - ACT"
9466,"Civic","pm25",8.68,"µg/m³","2025-10-08T07:00:00Z","2025-10-08T18:00:00+11:00","Australia/Sydney",-35.285307,149.131579,,,,"Unknown Governmental Organization","Australia - ACT"
9466,"Civic","pm25",8.62,"µg/m³","2025-10-08T08:00:00Z","2025-10-08T19:00:00+11:00","Australia/Sydney",-35.285307,149.131579,,,,"Unknown Governmental Organization","Australia - ACT"
9466,"Civic","pm25",8.87,"µg/m³","2025-10-08T09:00:00Z","2025-10-08T20:00:00+11:00","Australia/Sydney",-35.285307,149.131579,,,,"Unknown Governmental Organization","Australia - ACT"
9466,"Civic","pm25",9.4,"µg/m³","2025-10-08T10:00:00Z","2025-10-08T21:00:00+11:00","Australia/Sydney",-35.285307,149.131579,,,,"Unknown Governmental Organization","Australia - ACT"
9466,"Civic","pm25",9.65,"µg/m³","2025-10-08T11:00:00Z","2025-10-08T22:00:00+11:00","Australia/Sydney",-35.285307,149.131579,,,,"Unknown Governmental Organization","Australia - ACT"
9466,"Civic","pm25",9.85,"µg/m³","2025-10-08T12:00:00Z","2025-10-08T23:00:00+11:00","Australia/Sydney",-35.285307,149.131579,,,,"Unknown Governmental Organization","Australia - ACT"
9466,"Civic","pm25",9.96,"µg/m³","2025-10-08T13:00:00Z","2025-10-09T00:00:00+11:00","Australia/Sydney",-35.285307,149.131579,,,,"Unknown Governmental Organization","Australia - ACT"
9466,"Civic","pm25",9.59,"µg/m³","2025-10-08T14:00:00Z","2025-10-09T01:00:00+11:00","Australia/Sydney",-35.285307,149.131579,,,,"Unknown Governmental Organization","Australia - ACT"
9466,"Civic","pm25",9.15,"µg/m³","2025-10-08T15:00:00Z","2025-10-09T02:00:00+11:00","Australia/Sydney",-35.285307,149.131579,,,,"Unknown Governmental Organization","Australia - ACT"
9466,"Civic","pm25",8.86,"µg/m³","2025-10-08T16:00:00Z","2025-10-09T03:00:00+11:00","Australia/Sydney",-35.285307,149.131579,,,,"Unknown Governmental Organization","Australia - ACT"
9466,"Civic","pm25",9.44,"µg/m³","2025-10-08T17:00:00Z","2025-10-09T04:00:00+11:00","Australia/Sydney",-35.285307,149.131579,,,,"Unknown Governmental Organization","Australia - ACT"
9466,"Civic","pm25",10.1,"µg/m³","2025-10-08T18:00:00Z","2025-10-09T05:00:00+11:00","Australia/Sydney",-35.285307,149.131579,,,,"Unknown Governmental Organization","Australia - ACT"
9466,"Civic","pm25",10.37,"µg/m³","2025-10-08T19:00:00Z","2025-10-09T06:00:00+11:00","Australia/Sydney",-35.285307,149.131579,,,,"Unknown Governmental Organization","Australia - ACT"
9466,"Civic","pm25",10.59,"µg/m³","2025-10-08T20:00:00Z","2025-10-09T07:00:00+11:00","Australia/Sydney",-35.285307,149.131579,,,,"Unknown Governmental Organization","Australia - ACT"
9466,"Civic","pm25",10.52,"µg/m³","2025-10-08T21:00:00Z","2025-10-09T08:00:00+11:00","Australia/Sydney",-35.285307,149.131579,,,,"Unknown Governmental Organization","Australia - ACT"
9466,"Civic","pm25",10.58,"µg/m³","2025-10-08T22:00:00Z","2025-10-09T09:00:00+11:00","Australia/Sydney",-35.285307,149.131579,,,,"Unknown Governmental Organization","Australia - ACT"
9466,"Civic","pm25",10.16,"µg/m³","2025-10-08T23:00:00Z","2025-10-09T10:00:00+11:00","Australia/Sydney",-35.285307,149.131579,,,,"Unknown Governmental Organization","Australia - ACT"
9466,"Civic","pm25",10.38,"µg/m³","2025-10-09T00:00:00Z","2025-10-09T11:00:00+11:00","Australia/Sydney",-35.285307,149.131579,,,,"Unknown Governmental Organization","Australia - ACT"
9466,"Civic","pm25",10.18,"µg/m³","2025-10-09T01:00:00Z","2025-10-09T12:00:00+11:00","Australia/Sydney",-35.285307,149.131579,,,,"Unknown Governmental Organization","Australia - ACT"
9466,"Civic","pm25",8.94,"µg/m³","2025-10-09T02:00:00Z","2025-10-09T13:00:00+11:00","Australia/Sydney",-35.285307,149.131579,,,,"Unknown Governmental Organization","Australia - ACT"
9466,"Civic","pm25",8.06,"µg/m³","2025-10-09T03:00:00Z","2025-10-09T14:00:00+11:00","Australia/Sydney",-35.285307,149.131579,,,,"Unknown Governmental Organization","Australia - ACT"
9466,"Civic","pm25",7.35,"µg/m³","2025-10-09T04:00:00Z","2025-10-09T15:00:00+11:00","Australia/Sydney",-35.285307,149.131579,,,,"Unknown Governmental Organization","Australia - ACT"
9466,"Civic","pm25",6.66,"µg/m³","2025-10-09T05:00:00Z","2025-10-09T16:00:00+11:00","Australia/Sydney",-35.285307,149.131579,,,,"Unknown Governmental Organization","Australia - ACT"
9466,"Civic","pm25",6.23,"µg/m³","2025-10-09T06:00:00Z","2025-10-09T17:00:00+11:00","Australia/Sydney",-35.285307,149.131579,,,,"Unknown Governmental Organization","Australia - ACT"
9466,"Civic","pm25",6.01,"µg/m³","2025-10-09T07:00:00Z","2025-10-09T18:00:00+11:00","Australia/Sydney",-35.285307,149.131579,,,,"Unknown Governmental Organization","Australia - ACT"
9466,"Civic","pm25",5.65,"µg/m³","2025-10-09T08:00:00Z","2025-10-09T19:00:00+11:00","Australia/Sydney",-35.285307,149.131579,,,,"Unknown Governmental Organization","Australia - ACT"
9466,"Civic","pm25",5.03,"µg/m³","2025-10-09T09:00:00Z","2025-10-09T20:00:00+11:00","Australia/Sydney",-35.285307,149.131579,,,,"Unknown Governmental Organization","Australia - ACT"
9466,"Civic","pm25",4.28,"µg/m³","2025-10-09T10:00:00Z","2025-10-09T21:00:00+11:00","Australia/Sydney",-35.285307,149.131579,,,,"Unknown Governmental Organization","Australia - ACT"
9466,"Civic","pm25",4.17,"µg/m³","2025-10-09T11:00:00Z","2025-10-09T22:00:00+11:00","Australia/Sydney",-35.285307,149.131579,,,,"Unknown Governmental Organization","Australia - ACT"
9466,"Civic","pm25",4.22,"µg/m³","2025-10-09T12:00:00Z","2025-10-09T23:00:00+11:00","Australia/Sydney",-35.285307,149.131579,,,,"Unknown Governmental Organization","Australia - ACT"
9466,"Civic","pm25",4.28,"µg/m³","2025-10-09T13:00:00Z","2025-10-10T00:00:00+11:00","Australia/Sydney",-35.285307,149.131579,,,,"Unknown Governmental Organization","Australia - ACT"
9466,"Civic","pm25",4.27,"µg/m³","2025-10-09T14:00:00Z","2025-10-10T01:00:00+11:00","Australia/Sydney",-35.285307,149.131579,,,,"Unknown Governmental Organization","Australia - ACT"
9466,"Civic","pm25",4.51,"µg/m³","2025-10-09T15:00:00Z","2025-10-10T02:00:00+11:00","Australia/Sydney",-35.285307,149.131579,,,,"Unknown Governmental Organization","Australia - ACT"
9466,"Civic","pm25",4.64,"µg/m³","2025-10-09T16:00:00Z","2025-10-10T03:00:00+11:00","Australia/Sydney",-35.285307,149.131579,,,,"Unknown Governmental Organization","Australia - ACT"
9466,"Civic","pm25",3.9,"µg/m³","2025-10-09T17:00:00Z","2025-10-10T04:00:00+11:00","Australia/Sydney",-35.285307,149.131579,,,,"Unknown Governmental Organization","Australia - ACT"
9466,"Civic","pm25",3.16,"µg/m³","2025-10-09T18:00:00Z","2025-10-10T05:00:00+11:00","Australia/Sydney",-35.285307,149.131579,,,,"Unknown Governmental Organization","Australia - ACT"
9466,"Civic","pm25",2.9,"µg/m³","2025-10-09T19:00:00Z","2025-10-10T06:00:00+11:00","Australia/Sydney",-35.285307,149.131579,,,,"Unknown Governmental Organization","Australia - ACT"
9466,"Civic","pm25",2.42,"µg/m³","2025-10-09T20:00:00Z","2025-10-10T07:00:00+11:00","Australia/Sydney",-35.285307,149.131579,,,,"Unknown Governmental Organization","Australia - ACT"
9466,"Civic","pm25",2.04,"µg/m³","2025-10-09T21:00:00Z","2025-10-10T08:00:00+11:00","Australia/Sydney",-35.285307,149.131579,,,,"Unknown Governmental Organization","Australia - ACT"
9466,"Civic","pm25",1.46,"µg/m³","2025-10-09T22:00:00Z","2025-10-10T09:00:00+11:00","Australia/Sydney",-35.285307,149.131579,,,,"Unknown Governmental Organization","Australia - ACT"
9466,"Civic","pm25",0.87,"µg/m³","2025-10-09T23:00:00Z","2025-10-10T10:00:00+11:00","Australia/Sydney",-35.285307,149.131579,,,,"Unknown Governmental Organization","Australia - ACT"
9466,"Civic","pm25",0.19,"µg/m³","2025-10-10T00:00:00Z","2025-10-10T11:00:00+11:00","Australia/Sydney",-35.285307,149.131579,,,,"Unknown Governmental Organization","Australia - ACT"
9466,"Civic","pm25",0.19,"µg/m³","2025-10-10T01:00:00Z","2025-10-10T12:00:00+11:00","Australia/Sydney",-35.285307,149.131579,,,,"Unknown Governmental Organization","Australia - ACT"
9466,"Civic","pm25",0.04,"µg/m³","2025-10-10T02:00:00Z","2025-10-10T13:00:00+11:00","Australia/Sydney",-35.285307,149.131579,,,,"Unknown Governmental Organization","Australia - ACT"
9466,"Civic","pm25",0.44,"µg/m³","2025-10-10T03:00:00Z","2025-10-10T14:00:00+11:00","Australia/Sydney",-35.285307,149.131579,,,,"Unknown Governmental Organization","Australia - ACT"
9466,"Civic","pm25",1.08,"µg/m³","2025-10-10T04:00:00Z","2025-10-10T15:00:00+11:00","Australia/Sydney",-35.285307,149.131579,,,,"Unknown Governmental Organization","Australia - ACT"
9466,"Civic","pm25",1.69,"µg/m³","2025-10-10T05:00:00Z","2025-10-10T16:00:00+11:00","Australia/Sydney",-35.285307,149.131579,,,,"Unknown Governmental Organization","Australia - ACT"
9466,"Civic","pm25",1.54,"µg/m³","2025-10-10T06:00:00Z","2025-10-10T17:00:00+11:00","Australia/Sydney",-35.285307,149.131579,,,,"Unknown Governmental Organization","Australia - ACT"
9466,"Civic","pm25",1.56,"µg/m³","2025-10-10T07:00:00Z","2025-10-10T18:00:00+11:00","Australia/Sydney",-35.285307,149.131579,,,,"Unknown Governmental Organization","Australia - ACT"
9466,"Civic","pm25",1.86,"µg/m³","2025-10-10T08:00:00Z","2025-10-10T19:00:00+11:00","Australia/Sydney",-35.285307,149.131579,,,,"Unknown Governmental Organization","Australia - ACT"
9466,"Civic","pm25",2.02,"µg/m³","2025-10-10T09:00:00Z","2025-10-10T20:00:00+11:00","Australia/Sydney",-35.285307,149.131579,,,,"Unknown Governmental Organization","Australia - ACT"
9466,"Civic","pm25",2.18,"µg/m³","2025-10-10T10:00:00Z","2025-10-10T21:00:00+11:00","Australia/Sydney",-35.285307,149.131579,,,,"Unknown Governmental Organization","Australia - ACT"
9466,"Civic","pm25",1.82,"µg/m³","2025-10-10T11:00:00Z","2025-10-10T22:00:00+11:00","Australia/Sydney",-35.285307,149.131579,,,,"Unknown Governmental Organization","Australia - ACT"
9466,"Civic","pm25",1.44,"µg/m³","2025-10-10T12:00:00Z","2025-10-10T23:00:00+11:00","Australia/Sydney",-35.285307,149.131579,,,,"Unknown Governmental Organization","Australia - ACT"
9466,"Civic","pm25",1.17,"µg/m³","2025-10-10T13:00:00Z","2025-10-11T00:00:00+11:00","Australia/Sydney",-35.285307,149.131579,,,,"Unknown Governmental Organization","Australia - ACT"
9466,"Civic","pm25",1.35,"µg/m³","2025-10-10T14:00:00Z","2025-10-11T01:00:00+11:00","Australia/Sydney",-35.285307,149.131579,,,,"Unknown Governmental Organization","Australia - ACT"
9466,"Civic","pm25",1.43,"µg/m³","2025-10-10T15:00:00Z","2025-10-11T02:00:00+11:00","Australia/Sydney",-35.285307,149.131579,,,,"Unknown Governmental Organization","Australia - ACT"
9466,"Civic","pm25",1.33,"µg/m³","2025-10-10T16:00:00Z","2025-10-11T03:00:00+11:00","Australia/Sydney",-35.285307,149.131579,,,,"Unknown Governmental Organization","Australia - ACT"
9466,"Civic","pm25",1.4,"µg/m³","2025-10-10T17:00:00Z","2025-10-11T04:00:00+11:00","Australia/Sydney",-35.285307,149.131579,,,,"Unknown Governmental Organization","Australia - ACT"
9466,"Civic","pm25",1.38,"µg/m³","2025-10-10T18:00:00Z","2025-10-11T05:00:00+11:00","Australia/Sydney",-35.285307,149.131579,,,,"Unknown Governmental Organization","Australia - ACT"
9466,"Civic","pm25",1.29,"µg/m³","2025-10-10T19:00:00Z","2025-10-11T06:00:00+11:00","Australia/Sydney",-35.285307,149.131579,,,,"Unknown Governmental Organization","Australia - ACT"
9466,"Civic","pm25",1.52,"µg/m³","2025-10-10T20:00:00Z","2025-10-11T07:00:00+11:00","Australia/Sydney",-35.285307,149.131579,,,,"Unknown Governmental Organization","Australia - ACT"
9466,"Civic","pm25",1.85,"µg/m³","2025-10-10T21:00:00Z","2025-10-11T08:00:00+11:00","Australia/Sydney",-35.285307,149.131579,,,,"Unknown Governmental Organization","Australia - ACT"
9466,"Civic","pm25",2.53,"µg/m³","2025-10-10T22:00:00Z","2025-10-11T09:00:00+11:00","Australia/Sydney",-35.285307,149.131579,,,,"Unknown Governmental Organization","Australia - ACT"
9466,"Civic","pm25",3.24,"µg/m³","2025-10-10T23:00:00Z","2025-10-11T10:00:00+11:00","Australia/Sydney",-35.285307,149.131579,,,,"Unknown Governmental Organization","Australia - ACT"
9466,"Civic","pm25",3.58,"µg/m³","2025-10-11T00:00:00Z","2025-10-11T11:00:00+11:00","Australia/Sydney",-35.285307,149.131579,,,,"Unknown Governmental Organization","Australia - ACT"
9466,"Civic","pm25",3.64,"µg/m³","2025-10-11T01:00:00Z","2025-10-11T12:00:00+11:00","Australia/Sydney",-35.285307,149.131579,,,,"Unknown Governmental Organization","Australia - ACT"
9466,"Civic","pm25",3.91,"µg/m³","2025-10-11T02:00:00Z","2025-10-11T13:00:00+11:00","Australia/Sydney",-35.285307,149.131579,,,,"Unknown Governmental Organization","Australia - ACT"
9466,"Civic","pm25",3.87,"µg/m³","2025-10-11T03:00:00Z","2025-10-11T14:00:00+11:00","Australia/Sydney",-35.285307,149.131579,,,,"Unknown Governmental Organization","Australia - ACT"
9466,"Civic","pm25",3.93,"µg/m³","2025-10-11T04:00:00Z","2025-10-11T15:00:00+11:00","Australia/Sydney",-35.285307,149.131579,,,,"Unknown Governmental Organization","Australia - ACT"
9466,"Civic","pm25",3.98,"µg/m³","2025-10-11T05:00:00Z","2025-10-11T16:00:00+11:00","Australia/Sydney",-35.285307,149.131579,,,,"Unknown Governmental Organization","Australia - ACT"
9466,"Civic","pm25",4.24,"µg/m³","2025-10-11T06:00:00Z","2025-10-11T17:00:00+11:00","Australia/Sydney",-35.285307,149.131579,,,,"Unknown Governmental Organization","Australia - ACT"
9466,"Civic","pm25",4.43,"µg/m³","2025-10-11T07:00:00Z","2025-10-11T18:00:00+11:00","Australia/Sydney",-35.285307,149.131579,,,,"Unknown Governmental Organization","Australia - ACT"
9466,"Civic","pm25",4.46,"µg/m³","2025-10-11T08:00:00Z","2025-10-11T19:00:00+11:00","Australia/Sydney",-35.285307,149.131579,,,,"Unknown Governmental Organization","Australia - ACT"
9466,"Civic","pm25",4.44,"µg/m³","2025-10-11T09:00:00Z","2025-10-11T20:00:00+11:00","Australia/Sydney",-35.285307,149.131579,,,,"Unknown Governmental Organization","Australia - ACT"
9466,"Civic","pm25",4.4,"µg/m³","2025-10-11T10:00:00Z","2025-10-11T21:00:00+11:00","Australia/Sydney",-35.285307,149.131579,,,,"Unknown Governmental Organization","Australia - ACT"
9466,"Civic","pm25",4.51,"µg/m³","2025-10-11T11:00:00Z","2025-10-11T22:00:00+11:00","Australia/Sydney",-35.285307,149.131579,,,,"Unknown Governmental Organization","Australia - ACT"
9466,"Civic","pm25",4.45,"µg/m³","2025-10-11T12:00:00Z","2025-10-11T23:00:00+11:00","Australia/Sydney",-35.285307,149.131579,,,,"Unknown Governmental Organization","Australia - ACT"
9466,"Civic","pm25",4.49,"µg/m³","2025-10-11T13:00:00Z","2025-10-12T00:00:00+11:00","Australia/Sydney",-35.285307,149.131579,,,,"Unknown Governmental Organization","Australia - ACT"
9466,"Civic","pm25",4.29,"µg/m³","2025-10-11T14:00:00Z","2025-10-12T01:00:00+11:00","Australia/Sydney",-35.285307,149.131579,,,,"Unknown Governmental Organization","Australia - ACT"
9466,"Civic","pm25",4.27,"µg/m³","2025-10-11T15:00:00Z","2025-10-12T02:00:00+11:00","Australia/Sydney",-35.285307,149.131579,,,,"Unknown Governmental Organization","Australia - ACT"
9466,"Civic","pm25",7.41,"µg/m³","2025-10-11T16:00:00Z","2025-10-12T03:00:00+11:00","Australia/Sydney",-35.285307,149.131579,,,,"Unknown Governmental Organization","Australia - ACT"
9466,"Civic","pm25",9.27,"µg/m³","2025-10-11T17:00:00Z","2025-10-12T04:00:00+11:00","Australia/Sydney",-35.285307,149.131579,,,,"Unknown Governmental Organization","Australia - ACT"
9466,"Civic","pm25",9.47,"µg/m³","2025-10-11T18:00:00Z","2025-10-12T05:00:00+11:00","Australia/Sydney",-35.285307,149.131579,,,,"Unknown Governmental Organization","Australia - ACT"
9466,"Civic","pm25",9.49,"µg/m³","2025-10-11T19:00:00Z","2025-10-12T06:00:00+11:00","Australia/Sydney",-35.285307,149.131579,,,,"Unknown Governmental Organization","Australia - ACT"
9466,"Civic","pm25",9.37,"µg/m³","2025-10-11T20:00:00Z","2025-10-12T07:00:00+11:00","Australia/Sydney",-35.285307,149.131579,,,,"Unknown Governmental Organization","Australia - ACT"
9466,"Civic","pm25",9.37,"µg/m³","2025-10-11T21:00:00Z","2025-10-12T08:00:00+11:00","Australia/Sydney",-35.285307,149.131579,,,,"Unknown Governmental Organization","Australia - ACT"
9466,"Civic","pm25",9.47,"µg/m³","2025-10-11T22:00:00Z","2025-10-12T09:00:00+11:00","Australia/Sydney",-35.285307,149.131579,,,,"Unknown Governmental Organization","Australia - ACT"
9466,"Civic","pm25",9.66,"µg/m³","2025-10-11T23:00:00Z","2025-10-12T10:00:00+11:00","Australia/Sydney",-35.285307,149.131579,,,,"Unknown Governmental Organization","Australia - ACT"
9466,"Civic","pm25",9.56,"µg/m³","2025-10-12T00:00:00Z","2025-10-12T11:00:00+11:00","Australia/Sydney",-35.285307,149.131579,,,,"Unknown Governmental Organization","Australia - ACT"